আমরা দুজনে রচনা করেছি একে অপরের ক্ষতি, প্রবাসী প্রেমের পাথরে গড়েছি  অন্ধ অমরাবতী।@,NIRMOLENDU_GOON
“আবার একটা ফুঁ দিয়ে দাও,মাথার চুল মেঘের মতো উড়ুক ।আবার একটা ফুঁ দিয়ে দাও,স্বপ্নগুলো ছায়ার মতো ঘুরুক”@,NIRMOLENDU_GOON
“শুধু তোমাকে একবার ছোঁব,অমরত্ব বন্দী হবে হাতের মুঠোয়। শুধু তোমাকে একবার ছোঁব, তারপর হব ইতিহাস।”@,NIRMOLENDU_GOON
“প্রাণে জ্বলে ওঠে গগনচুম্বী বাসনা ঢেউ, তোমাকে পাবে না পরান ভরিয়া আমি ছাড়া কেউ।  - আত্মকেন্দ্রিক স্বপ্ন”@,NIRMOLENDU_GOON
“আমি কি জানি না, এই বৈরি-পৃথিবীতে শুধু তুমি ছাড়া কতটা দুর্লভ ছিল সুখ? আমি কি জানি না, এই নিস্তরঙ্গ অকূল পাথারে  তুমি ছাড়া কতটা অসহ্য ছিল বাঁচা!”@,NIRMOLENDU_GOON
“আমি আর কোনো নবযাত্রার আয়োজন করবো না। বাকি সময়টা আমি তোমার পাশেই দাঁড়িয়ে থাকতে চাই।”@,NIRMOLENDU_GOON
অমিতব্যয়িতা আমার স্বভাব, ব্যক্তিগত জীবনে এবং স্বভাবতই কবিতাতেও। কবিতা কী? জানিনে। ছন্দ কাকে বলে - ভালো করে বুঝিনে। কাব্য বিচারের মানদন্ড কী? - আমি নিরুত্তর। আমি শুধু উড়নচণ্ডি প্রেমিকের মতো অবিবেচক, যুক্তিহীন এবং ব্যক্তিগত। আমার কাছে কবিতা তা-ই, আমি যা লিখি। অন্যের কাছে সেটা গল্প হলেও ক্ষতি নেই, এলজাব্রা হলেও না।@,NIRMOLENDU_GOON
“ তুমি চলে যাচ্ছো, ল্যাম্পপোস্ট থেকে খসে পড়ছে বাল্ব, সমস্ত শহর জুড়ে নেমে আসছে মাটির নিচের গাঢ় তমাল তমসা। যেন কোনো বিজ্ঞ-জাদুকর কালো স্কার্ফ দিয়ে এ শহর দিয়েছে মুড়িয়ে ”@,NIRMOLENDU_GOON
“ দু'একটি বিষণ্ণ ঝিঁঝিঁ ছাড়া আর কোনো গান নেই, শব্দ নেই, জীবনের শিল্প নেই, নেই কোনো প্রাণের সঞ্চার। এ শহর অন্ধ করে তুমি চলে যাচ্ছো অন্য এক দূরের নগরে, আমি সেই নগরীর কাল্পনিক কিছু আলো চোখে মেখে নিয়ে তোমার গন্তব্যের দিকে, নীলিমায় তাকিয়ে রয়েছি। ”@,NIRMOLENDU_GOON
“ আমার ঈশ্বর জানেন- আমার মৃত্যু হবে তোমার জন্য। তারপর অনেকদিন পর একদিন তুমিও জানবে, আমি জন্মেছিলাম তোমার জন্য। শুধু তোমার জন্য ”@,NIRMOLENDU_GOON
“ যা পেতে ইচ্ছে করে, আমি তাকেই বলি সুন্দর । প্রত্যেকটি প্রাণেরই এক-একটা স্বতন্ত্র চেহারা থাকে । সুন্দরের কোনো নির্দিষ্ট চেহারা নেই, সে আপেক্ষিক ! ”@,NIRMOLENDU_GOON
“ আমি জন্মের প্রয়োজনে ছোট হয়েছিলাম, এখন মৃত্যুর প্রয়োজনে বড় হচ্ছি ”@,NIRMOLENDU_GOON
“ কবে থেকে আকাশ দাঁড়িয়ে আছে একা, তার বুক থেকে খসে পড়েছে কত তারা। বেঁচে থাকলে আরো কত তারাই খসবে, তা নিয়ে আকাশ কি দুঃখ করতে বসবে? ”@,NIRMOLENDU_GOON
“ শুধু তোমাকে একবার ছোঁব, ঐ আনন্দে কেটে যাবে সহস্র জীবন ”@,NIRMOLENDU_GOON
“ শুধু তোমাকে একবার ছোঁব, অহংকারে মুছে যাবে সকল দীনতা ”@,NIRMOLENDU_GOON
“ শুধু তোমাকে একবার ছোঁব, স্পর্শসুখে লিখা হবে অজস্র কবিতা ”@,NIRMOLENDU_GOON
“ শুধু তোমাকে একবার ছোঁব, শুধু একবার পেতে চাই অমৃত আস্বাদ ”@,NIRMOLENDU_GOON
“ শুধু তোমাকে একবার ছোঁব, তারপর হব ইতিহাস ”@,NIRMOLENDU_GOON
“ আবার যখনই দেখা হবে, আমি প্রথম সুযোগেই বলে দেব স্ট্রেটকাটঃ ‘ভালোবাসি’। এরকম সত্য-ভাষণে যদি কেঁপে ওঠে, অথবা ঠোঁটের কাছে উচ্চারিত শব্দ থেমে যায়, আমি নখাগ্রে দেখাবো প্রেম, ভালোবাসা, বক্ষ চিরে তোমার প্রতিমা। দেয়ালে টাঙ্গানো কোন প্রথাসিদ্ধ দেবীচিত্র নয়, রক্তের ফ্রেমে বাঁধা হৃদয়ের কাচে দেখবে নিজের মুখে ভালোবাসা ছায়া ফেলিয়াছে ”@,NIRMOLENDU_GOON
“ এরকম উন্মোচনে যদি তুমি আনুরাগে মুর্ছা যেতে চাও মূর্ছা যাবে,জাগাবো না,নিজের শরীর দিয়ে কফিন বানাবো ”@,NIRMOLENDU_GOON
“ ‘ভালোবাসি’ বলে দেব স্ট্রেটকাট, আবার যখনই দেখা হবে ”@,NIRMOLENDU_GOON
“ হয়তো ফুটেনি ফুল রবীন্দ্রসঙ্গীতে যত আছে, হয়তো গাহেনি পাখি অন্তর উদাস করা সুরে বনের কুসুমগুলি ঘিরে। আকাশে মেলিয়া আঁখি তবুও ফুটেছে জবা, দূরন্ত শিমুল গাছে গাছে, তার তলে ভালোবেসে বসে আছে বসন্ত পথিক ”@,NIRMOLENDU_GOON
“ ভালোবাসা, অর্থ ও পুরস্কার আদায় করে নিতে হয় ”@,NIRMOLENDU_GOON
“ রাত্রিভর স্বপ্ন দেখে  ভোরসকালে ক্লান্ত। যাকে নিয়ে স্বপ্ন দেখা, সে যদি তা জানতো! ”@,NIRMOLENDU_GOON
“ তুমি লহ নাই ভালোবাসিবার দায়, দু'হাতে শুধুই কুড়িয়েছো ঝরা ফুল । কৃষ্ণচূড়ার তলে,আমি বসে একা বুনিয়াছি প্রেম ঘৃণা বুনিবার ছলে । ”@,NIRMOLENDU_GOON
“ একটা সারাদিন কিছুই করবনা আমরা, না কিছুই না। হয়তো সারাটাদিন আমরা পাশাপাশি বসে থাকব,অনন্তকালের মতো । ”@,NIRMOLENDU_GOON
“ হয়তো আবার একাও থাকবো, কিন্তু সত্যি বলছি একটা সম্পূর্ণ দিন আমরা কিছুই করবনা।।এই হেমন্তে যে নদী মৃত্যুর প্রস্তুতি নেবে আগামী শীতের,তার মতো আমরাও প্রস্তুত হবো আমাদের একটা সারাদিনের জন্নে,এই হেমন্তে। ”@,NIRMOLENDU_GOON
“আজো আমি বাতাসে লাশের গন্ধ পাই আজো আমি মাটিতে মৃত্যূর নগ্ননৃত্য দেখি, ধর্ষিতার কাতর চিৎকার শুনি আজো আমি তন্দ্রার ভেতরে… এ দেশ কি ভুলে গেছে সেই দু:স্বপ্নের রাত, সেই রক্তাক্ত সময় ?”@,RUDRA_MOHAMMAD_SHAHIDULLAH
“জাতির পতাকা খামচে ধরেছে আজ পুরোনো শকুন।বাতাশে লাশের গন্ধ  নিয়ন আলোয় তবু নর্তকীর দেহে দুলে মাংসের তুফান। মাটিতে রক্তের দাগ – চালের গুদামে তবু জমা হয় অনাহারী মানুষের হাড় এ চোখে ঘুম আসেনা।”@,RUDRA_MOHAMMAD_SHAHIDULLAH
“কোথাও সুস্থতা নেই। এ সময়ে শোষণের সুশোভন নামই সুস্থতা — তুমি সেই সুস্থতার নির্বোধ প্রতিক আত্মপ্রকাশের সামনে তুমি দাঁড়িয়ে ছিলে।”@,RUDRA_MOHAMMAD_SHAHIDULLAH
“ রাজনীতিহীন সাহিত্যচর্চা কপটতা ছাড়া আর কী? ”@,RUDRA_MOHAMMAD_SHAHIDULLAH
“ যে মাঠ থেকে এসেছিল স্বাধীনতার ডাক, সেই মাঠে আজ বসে নেশার হাট ”@,RUDRA_MOHAMMAD_SHAHIDULLAH
“ স্বাধীনতা, সে আমার – স্বজন, হারিয়ে পাওয়া একমাত্র স্বজন – স্বাধীনতা – আমার প্রিয় মানুষের রক্তে কেনা অমূল্য ফসল।”@,RUDRA_MOHAMMAD_SHAHIDULLAH
“ পাঁচশো পঞ্চান্ন মার্কা আধ-খাওয়া একটা সিগারেট প্রথমে স্পর্শ করলো তার বুক। পোড়া মাংসের উৎকট গন্ধ ছড়িয়ে পড়লো ঘরের বাতাসে। জ্বলন্ত সিগারেটের স্পর্শ তার দেহে টসটসে আঙুরের মতো ফোস্কা তুলতে লাগলো। ”@,RUDRA_MOHAMMAD_SHAHIDULLAH
“ তাকে চিৎ করা হলো। পেটের ওপর উঠে এলো দু’জোড়া বুট, কালো ও কর্কশ। কারণ সে তার পাকস্থলির কষ্টের কথা বলেছিলো, বলেছিলো অনাহার ও ক্ষুধার কথা। ”@,RUDRA_MOHAMMAD_SHAHIDULLAH
মুষ্টিবদ্ধ যে-হাত মিছিলে পতাকার মতো উড়েছে সক্রোধে, যে-হাতে সে পোস্টার সেঁটেছে, বিলিয়েছে লিফলেট, লোহার হাতুড়ি দিয়ে সেই হাত ভাঙা হলো। সেই জীবন্ত হাত, জীবন্ত মানুষের হাত। ”@,RUDRA_MOHAMMAD_SHAHIDULLAH
“ সে এখন মৃত।তার শরীর ঘিরে থোকা থোকা কৃষ্ণচূড়ার মতোছড়িয়ে রয়েছে রক্ত, তাজা লাল রক্ত।”@,RUDRA_MOHAMMAD_SHAHIDULLAH
 কিছুটা হিংস্র বিদ্রোহ চাই কিছুটা আঘাত রক্তে কিছুটা উত্তাপ চাই, উষ্ণতা চাই চাই কিছু লাল তীব্র আগুন। ”@,RUDRA_MOHAMMAD_SHAHIDULLAH
“ হাত বাড়ালেই মুঠো ভরে যায় ঋণে অথচ আমার শস্যের মাঠ ভরা। রোদ্দুর খুঁজে পাই না কখনো দিনে, আলোতে ভাসায় রাতের বসুন্ধরা। ”@,RUDRA_MOHAMMAD_SHAHIDULLAH
“ ডাকছে কৃষ্ণপক্ষের রাত- ঘুমিয়ে পড়লে নাকি? লুট হয়ে গেল ইতিহাস, স্মৃতি, পতাকা কৃষ্ণচুড়া- চেতনায় জ্বলে বৈরী আগুন- ঘুমিয়ে পড়লে নাকি? ”@,RUDRA_MOHAMMAD_SHAHIDULLAH
“সারাদিন অন্ধকার চাষ করে ফিরে আসি ঘরে, সারারাত বেদনার বীজ বুনি বুকের ভেতরে…”@,RUDRA_MOHAMMAD_SHAHIDULLAH
“আত্মঘাতী আমি নিজের কাছে প্রশ্ন করি! নিশব্দের এমন রাতে বুকের মাঝে শব্দ কেনো?”@,RUDRA_MOHAMMAD_SHAHIDULLAH
“কাটা আঙুল থেকে রক্তের মতো ঝ’রে ঝ’রে পড়ে ইচ্ছার নীল অক্ষমতা।”@,RUDRA_MOHAMMAD_SHAHIDULLAH
“ আমি কবি নই – শব্দ শ্রমিক। শব্দের লাল হাতুড়ি পেটাই ভুল বোধে ভুল চেতনায়, হৃদয়ের কালো বেদনায় ”@,RUDRA_MOHAMMAD_SHAHIDULLAH
“ অথচ দ্রাক্ষার রসে নিমজ্জিত আজ দেখি আরশিমহল, রাখালের হাত দুটি বড় বেশি শীর্ণ আর ক্ষীণ, বাঁশি কেনা জানি তার কখনোই হয়ে উঠে নাই- ”@,RUDRA_MOHAMMAD_SHAHIDULLAH
“ কথা ছিলো, চিল-ডাকা নদীর কিনারে একদিন ফিরে যাবো। একদিন বট বিরিক্ষির ছায়ার নিচে জড়ো হবে সহজিয়া বাউলেরা, তাদের মায়াবী আঙুলের টোকা ঢেউ তুলবে একতারায়- একদিন সুবিনয় এসে জড়িয়ে ধ’রে বোলবে: উদ্ধার পেয়েছি ”@,RUDRA_MOHAMMAD_SHAHIDULLAH
“ যারা বলে অসম্ভব, অসম্ভব তাদের দুয়ারেই বেশি হানা দেয় @,RUDRA_MOHAMMAD_SHAHIDULLAH
“ আমাদের বাসনায় ছিলো কিছু ভুলবোধ প্রাপ্যের পূর্ণতা তাই এতো মনে হয় নিঃস্ব করুণ তাই এতো পাওয়াকেও মনে হয় ব্যর্থতা, মনে হয় ম্লান। ”@,RUDRA_MOHAMMAD_SHAHIDULLAH
“ রমনী এক রকম অনাবশ্যক ইচ্ছা বিবর্ণ ঝাঁঝাঁলো সম্প্রতি নারী শুধু কাচের ছায়া, অপ্রতিবিম্ব কাচ, শুধুমাত্র কাচ ”@,RUDRA_MOHAMMAD_SHAHIDULLAH
এমন মানবজনম আর কি হবে! মন যা করো তরায় করো এইভবে।@,LALON
ভবে মানুষ গুরু নিষ্ঠা যার সর্ব সাধন সিদ্ধ হয় তার।@,LALON
“সবাই শুধায় লালন ফকির কোন জাতের ছেলে। কারে বা কি বলব আমি দিশা না মেলে  হয় কেমনে জাতির প্রমাণ | হিন্দু-বৌদ্ধ-খ্রীস্ট-যবন? ‘জাত’ বলিতে কি হয় বিধান শাস্ত্রে খুঁজিলে?”@,LALON
“সবাই শুধায় লালন ফকির হিন্দু কি যবন কারে বা কি বলব আমি  না জানি সন্ধান। বেদ পুরাণে করছে জারী যবনের সাঁই হিন্দুর হরি তাও তো আমি বুঝতে নারি দুইরূপ সৃষ্টি করলেন…তার কি প্রমাণ?”@,LALON
লালন সবে বলে লালন ফকির হিন্দু কি যবন; লালন বলে, আমার আমি না জানি সন্ধান। এক ঘাটেতে আসা-যাওয়া একই পাটনী দিচ্ছে খেয়া তবে কেউ খায় না কারও ছোঁয়া। ভিন্ন জল কোথায় পাস?@,LALON
ক্ষ্যাপা তুই না জেনে তোর আপন খবর যাবি কোথায়?  আপন ঘর না বুঝে বাইরে খুঁজে পড়বি ধাঁধায়।@,LALON
মানুষ ভজলে সোনার মানুষ হবি মানুষ ছাড়া ক্ষ্যাপারে তুই মূল হারাবি  দ্বিদলে মৃণালে সোনার মানুষ উজলে  মানুষ গুরুর কৃপা হলে জানতে পাবি। মানুষে মানুষ গাঁথা দেখ না যেমন আলেকলতা জেনেশুনে মুড়াও মাথা তুই যাতে তরবি। মানুষ ছাড়া মনরে আমার দেখবিরে সব শূন্যকার লালন বলে মানুষ আকার ভজলে তরবি \@,LALON
আকার কি নিরাকার সাঁই রাব্বানা আহাদের আহমদের বিচার হৈলে যায় জানা \ হায় রে আহমদ নামেতে দেখি মিম হরফে লেখে নবী মিম গেলে আহাদ বাকী আহমদ নাম থাকে কিনা \ খুঁজিতে বান্দার দেহে খোদা সে রয় লুকাইয়ে আহাদে মিম বসাইলে  আহমদ নাম হয় কিনা \@,LALON
“ক্ষম ক্ষম অপরাধ, দাসের পানে একবার চাও হে দয়াময় \ ঝড় তুফানে পড়িয়ে এবার বারে বার ডাকি তোমায় \”@,LALON
আবার, যে যা ভাবে সেই রূপ সে হয় \ রাম, রহিম, করিম কালা  এক আল্লাহ জগৎময় \@,LALON
আমার ঘরের চাবি পরের হাতে কেমনে খুলিয়া সে ধন দেখব চক্ষেতে। @,LALON
আমার এ ঘরখানায় কে বিরাজ করে। আমি জনম ভর একদিন দেখলাম না রে \ নড়ে চড়ে ঈশান কোণে দেখতে পাইনে এই নয়নে হাতের কাছে যার ভরের হাটবাজার আমি ধরতে গেলে হাতে পাইনে তারে \@,LALON
শুনি মরিলে পাব বেহেস্তখানা, তা শুনে তো মন মানেনা... বাকির লোভে নগদ...@,LALON
শুনি মরিলে পাব বেহেস্তখানা, তা শুনে তো মন মানেনা। বাকির লোভে নগদ...@,LALON
ভাব দিয়ে খোল ভাবের তালা দেখবি সে মানুষের খেলা। ঘুচে যাবে মনের ঘোলা থাকলে সে রূপ নিহারে। ভাবের ঘরে কি মূরতি ভাবের লন্ঠন ভাবের বাতি। ভাবের বিভাব হলে এক রতি অমনি সে রূপ যায় সরে। ভাব নইলে ভক্তিতে কি হয় ভেবে বুঝে দেখ মনুরায়। যার যে ভাব সে জানতে পায় লালন কয় বিনয় করে।।@,LALON
দেহের খবর বলি শোন রে মন। দেহের উত্তর দিকে আছে বেশী দক্ষিণেতে আছে কম।। দেহের খবর ন জানিলে আপ্ততত্ত্ব কিসে মেলে লাল জরদ সিয়া সফেদ বায়ান্ন বাজার এই চারি কোণ।  আগে খুঁজে ধর তারে নাসিকাতে চলে ফেরে নাভি পদ্মের মূল দূয়ারে বসে আছে সর্বক্ষণ। আঠারো মোকামে মানুষ যে না জানে সেহি তো বেহুস লালন বলে, থাক রে হুস আদ্য মোকামে তার আসন।@,LALON
যে পথে সাঁই আসে যায়। সামান্যে কি তার মর্ম পায়।। নিচে উপর থরে থরে সারে নয় দরজা ঘরে নয় দরজা তার, জানতে হয় সবার আদ দরজা চেনে যারা স্বজ্ঞানী হয়। এমনি রে সে নিগুম পথ হওয়া তাতে নাই যাতায়াত যদি ফাঁদ পেতে, বসতে সে পথে সাধন সিদ্ধি হত নিশ্চয়। এমনি রে তার আজব কীর্তি সুঁই ছিদ্রে চালায় হাতি সিরাজ সাঁই বলে নিগূঢ় ভেদ খুলে কোলের ঘোরে লালন ঘুরে বেড়ায়।।@,LALON
ও যার আপন খবর আপনার হয় না। একবার আপনারে চিনতে পারলে রে যাবে আচেনারে চেনা। ও সাঁই নিকট থেকে দূরে দেখায়, যেমন কেশের আরে পাহাড় লুকায় দেখনা। আমি ঘুরে এলাম সারা জগতরে তবু মনে গোলতো যায় না।@,LALON
সুখের কথা বোঝে সুখী দুঃখের কথা বোঝে দুঃখী  পাগল বিনে বোঝে কে রে পাগলের মনের কথা। যার ভাবে আজ মুড়েছি মাথা। সে জানে আর আমি জানি @,LALON
কি কালাম পাঠালেন আমার সাঁই দয়াময় এক এক দেশের এক এক ভাষা কয় খোদা পাঠায় । এক যুগে পাঠায় কালাম অন্য যুগে হয় কেন হারাম এমনি দেখি ভিন্ন তামাম ভিন্ন দেখা যায় । যদি একই খোদার হয় রচনা তাতেতো ভিন্ন থাকেনা মানুষের সকল রচনা তাইতো ভিন্ন হয় । এক এক দেশের এক এক বাণী পাঠান কি সাঁই গুণমনি মানুষে রচিত জানি লালন ফকির কয় ।।@,LALON
দিনে দিনে হলো আমার দিন আখেরি। আমি কোথায় ছিলাম কোথায় এলাম তাইতো সদাই ভেবে মরি।। বসত করি দিবা রাতে ষোলজন বোম্বেটের সাথে। দেয় না যেতে সরল পথে আমায় পদে পদে করে দাগাদারি।। বাল্যকাল খেলায় গেলো যৌবনে কলঙ্ক হলো বৃদ্ধকাল সামনে এলো মহাকাল হলো অধিকারী।। যে আশাতে ভবে আশা তাতে হোল ভগ্ন দশা। লালন বলে হয় কী দশা উজাইতে ভেটেনে প’ল তরী।@,LALON
আপনারে আপনি চেনা যদি যায় তবে তারে চিনতে পারি সেই পরিচয়। উপরওয়ালা সদয় বাড়ি, আত্মারূপে অবতারি, মনের ঘোরে চিনতে নারি কিসে কি হয়। যে অঙ্গ সেই অংশ কলা কায় বিশেষে ভিন্ন বলা যার ঘুচেছে মনের ঘোলা সে কি তা কয়। সেই আমি কি আমি আমি তাই জানিলে যাই দুর্নামি, লালন কয় তবে কি ভ্রমি ভব কৃপায়।@,LALON
যদি পার একবার ভালবাসার মানুষের সঙ্গ করো...। এ জগতে সৃষ্টিকর্তার নাম যপে যাদের দুটি নয়ন কাঁদে.,.যদি পার একবার ভক্ত সঙ্গ করো রে....তোমার প্রিতাব জ্বালা সব কিছুই দূরে চলে যাবে। যদি একবার ভক্ত সঙ্গ করতে পারো....@,LALON
পারে কে যাবি তোরা আয় না জুটে। নিতাইচাঁদ হয়েছে নেয়ে ভবের ঘাটে।। হরি নামের তরী আর রাধা নামের বাদাম তাঁর। পারে যেতে ভয় কিরে আর নায়ে উঠে।। নিতাই বড় দয়াময় পারের কড়ি নাহি লয়। এমন দয়াল মিলবে কি আর এই ললাটে।। ভাগ্যবান যেই ছিল সেই তরীতে পার হলো। লালন ঘোর তুফানে প’লো ভক্তি চটে।।@,LALON
আগে কপাট মার কামের ঘরে। মানুষ ঝলক দেবে রূপ নিহারে।।হাওয়া ধর, অগ্নি স্থির কর যাতে মরিয়ে বাঁচিতে পার মরণের আগে মর দেখে শমন যাক দূরে।।বারে বারে করিবে মানা লীলার দেশে আর যেও না রেখ তেজের ঘরে তেজিয়ানা সাধ উর্ধ্ব চাঁদ ধরে।।জান না মন, পারাহীন দর্পণ কেমনে রূপ হয় দরশন  অতি বিনয় করে বলছে লালন থেকো হুঁশিয়ারে।।@,LALON
বাতি যেদিন নিভে যাবে ভবের শহর আঁধার হবে সুখপাখি তোর পালাইবে ছেড়ে সুখালয় লন্ঠনে রূপের বাতি জ্বলছেরে সদাই দ্যাখ দেখি মন দেখতে যার ঐ বাসনা হৃদয়@,LALON
সহজ মানুষ ভজে দেখনারে মন দিব্যজ্ঞানে পাবিরে অমূল্য নিধি বর্তমানে।। ভজ মানুষের চরণ দু’টি নিত্য বস্তু হবে খাঁটি। মরিলে সব হবে মাটি ত্বরায় এই ভেদ লও জেনে।। শুনি ম’লে পাবো বেহেস্তখা@,LALON
তলে তলে তলগোজা খায়, লোকের কাছে সতী কওলায়। এমন সৎ অনেক পাওয়া যায়, সদর যে হয় সেই পাতকী। এ গোকুলে শ্যামের প্রেমে কেবা না মজেছে সখী... কারো কথা কেউ বলে না আমি একা হই কলঙ্কী।@,LALON
মোকামের মধ্যে মোকাম শূন্য শিখর বলি যার নাম বাতির লুন্ঠন সেথায় সুদন ত্রিভুবনে কিরণ দেয়। দিবানিশি আট প্রহরে এক রূপে চার রূপ ধরে বর্ত থাকতে দেখলি নারে ঘুরি মলি বেদের বিধায়।। যে জানে সে বাতির খবর ছুটেছে তার নয়নের ঘোর সিরাজ সাঁই কয়, লালন রে তোর দৃষ্ট হয় না মনের দ্বিধায়।।@,LALON
ভাব দিলে বিদেশীর ভাবে, ভাবে ভাব কভু না মিশিবে। পথের মাঝে গোল বাঁধিলে, কারো সাথে কেউ যাবে না।@,LALON
দিল দরিয়ার মাঝে দেখলাম আজব কারখানা।। দেহের মাঝে বাড়ি আছে সেই বাড়িতে চোর ঢুকেছে ছয় জনাতে সিঁদ কাটিছে, চুরি করে একজনা।। এই দেহের মাঝে নদী আছে সেই নদীতে নৌকা চলছে ছয় জনাতে গুণ টানিছে, হাল ধরেছে একজনা।। দেহের মধ্যে বাগান আছে নানা জাতির ফুল ফুটেছে ফুলের সৌরভে জগত্ মেতেছে কেবল লালনের প্রাণ মাতলো না।।@,LALON
প্রেম পিরেতের এমনই ধারা এক মরণে দুইজন মরা। ধর্মাধর্ম চায় না তারা লালন বলে প্রেমের রীতি তায়। প্রেম কি সামান্যে তে রাখা যায়.@,LALON
আপন ছুরতে আদম গঠলেন দয়াময়। তা নইলে কি ফেরেস্তারে সেজদা দিতে কয়।। আল্লাহ আদম না হইলে পাপ হইত সেজদা দিলে শেরেকি পাপ যারে বলে এই দিন দুনিয়ায় । দুষে সেই আদম ছফি আজাজিল হল পাপী মন তোমার লাফালাফি সেরুপ দেখা যায়।। আদমি সে চেনে আদম ...@,LALON
 সহজ শুদ্ধ প্রেম সাধন। প্রেম সাধিতে ফাঁপরে উঠে কামনদীর তুফান।। প্রেম-রত্নধন পাবার আশে ত্রিবেনীর ঘাট বাঁধলাম কষে। কামনদীর এক ধাক্কা এসে ছুটে যায় বাঁধন ছাদন।। বলবো কি সে প্রেমের কথা কাম হয়েছে প্রেমের লতা। কাম ছাড়া প্রেম যথাতথা নয় সে আগমন।। পরম গুরু প্রেম প্রকৃতি কাম গুরু হয় নিজ পতি। কাম ছাড়া প্রেম পায় কি গতি ভেবে কয় লালন।।@,LALON
পাবে সামান্যে কি তার দেখা (ওরে) বেদে নাই যার রূপ-রেখা।। কেউ বলে, পরম মিষ্টি কারো না হইল দৃষ্টি।। বরাতে দুনিয়া সৃষ্টি ।। তাই নিয়ে লেখাজোখা। (ওরে) তাই নিয়ে লেখাজোখা। নিরাকার ব্রহ্ম হয় সে সদাই ফেরে অচিন দেশে।। দোসর তাই নাইকো পাশে।। ফেরে সে একা একা। (ওরে) ফেরে সে একা একা। কিঞ্চিৎ ধ্যানে মহাদেব, সে তুলনা কি আর দেবো।। লালন বলে, গুরু ভাবো যাবে রে মনের ধোঁকা। (ওরে) যাবে রে মনের ধোঁকা।@,LALON
লালন শাহ দরবেশ বলে, মনারে মনা আয় সকলে, এ মানবজনম যায় বিফলে, বসে সঠিক বিধান কর। আমার মনরে দিন থাকতে চিনে দেহের মানুষ ধর@,LALON
প্রেম পিরেতের এমনই ধারা এক মরণে দুইজন মরা। ধর্মাধর্ম চায় না তারা লালন বলে প্রেমের রীতি তায়। প্রেম কি সামান্যে তে রাখা যায়.@,LALON
কিলালে কি কাঁঠাল পাকে, সব লোকের জানা। কুজন সাথে করলে পিরিত, হিতে ফল ফলবে বিপরীত নষ্ট হবে মান চরিত, চোখ থাকতে হবি কানা।।  ভাব না জেনে পিরিত করো না..."@,LALON
হোক, তবু বসন্তের প্রতি কেন এই তব তীব্র বিমুখতা?” কহিলাম “উপেক্ষায় ঋতুরাজে কেন কবি দাও তুমি ব্যথা?” কহিল সে কাছে সরি আসি- “কুহেলী উত্তরী তলে মাঘের সন্ন্যাসী- গিয়াছে চলিয়া ধীরে পুষ্পশূন্য দিগন্তের পথে রিক্ত হস্তে। তাহারেই পড়ে মনে, ভুলিতে পারি না কোন মতে ”@,SUFIA_KAMAL
“ হে কবি! নীরব কেন-ফাল্গুন যে এসেছে ধরায়, বসন্তে বরিয়া তুমি লবে না কি তব বন্দনায়? ”@,SUFIA_KAMAL
“ কহিল সে স্নিগ্ধ আঁখি তুলি- দখিন দুয়ার গেছে খুলি? বাতাবী নেবুর ফুল ফুটেছে কি? ফুটেছে কি আমের মুকুল? দখিনা সমীর তার গন্ধে গন্ধে হয়েছে কি অধীর আকুল? ”@,SUFIA_KAMAL
“ এখনো দেখনি তুমি?” কহিলাম “কেন কবি আজ এমন উন্মনা তুমি? কোথা তব নব পুষ্পসাজ? ”@,SUFIA_KAMAL
“ তরী তার এসেছে কি? বেজেছে কি আগমনী গান?ডেকেছে কি সে আমারে? -শুনি নাই,রাখিনি সন্ধান ”@,SUFIA_KAMAL
“ কহিলাম “ওগো কবি, রচিয়া লহ না আজও গীতি, বসন্ত-বন্দনা তব কণ্ঠে শুনি-এ মোর মিনতি।” কহিল সে মৃদু মধুস্বরে- “নাই হ’ল, না হোক এবারে- আমার গাহিতে গান! বসন্তরে আনিতে ধরিয়া- রহেনি,সে ভুলেনি তো, এসেছে তো ফাল্গুন স্মরিয়া ”@,SUFIA_KAMAL
“ কহিলাম “ওগো কবি, অভিমান করেছ কি তাই? যদিও এসেছে তবু তুমি তারে করিলে বৃথাই।” কহিল সে পরম হেলায়- “বৃথা কেন? ফাগুন বেলায় ফুল কি ফোটে নি শাখে? পুষ্পারতি লভে নি কি ঋতুর রাজন?মাধবী কুঁড়ির বুকে গন্ধ নাহি? করে নি সে অর্ঘ্য বিরচন? ”@,SUFIA_KAMAL
অপরিক্ষীত জীবন নিয়ে বেঁচে থাকা গ্লানিকর।@,SOCRATES
পোষাক হলো বাইরের আবরণ, মানুষের আসল সৌন্দর্য হচ্ছে তার জ্ঞান।@,SOCRATES
টাকার বিনিময়ে শিক্ষা অর্জনের চেয়ে অশিক্ষিত থাকা ভাল।@,SOCRATES
জ্ঞানের শিক্ষকের কাজ হচ্ছে কোনো ব্যক্তিকে প্রশ্ন করে তার কাছ থেকে উত্তর জেনে দেখানো যে জ্ঞানটা তার মধহ্যেই ছিল।@,SOCRATES
তারা জানে না যে তারা জানে না, আমি জানি যে আমি কিছু জানি না।!@,SOCRATES
নারী জগতে বিশৃঙ্খলা ও ভাঙ্গনের সর্বশ্রেষ্ঠ উৎস। সে দাফালি বৃক্ষের ন্যায় যাহা বাহ্যত খুব সুন্দর দেখায়। কিন্তু চড়ুই পাখি ইহা ভক্ষণ করিলে ইহাদের মৃত্যু অনিবার্য।@,SOCRATES
পৃথিবীতে শুধুমাত্র একটি-ই ভাল আছে, জ্ঞান। আর একটি-ই খারাপ আছে, অজ্ঞতা।@,SOCRATES
আমি কাউকে কিছু শিক্ষা দিতে পারব না, আমি শুধু তাদের চিন্তা করাতে পারব।@,SOCRATES
জ্ঞানের শিক্ষকের কাজ হচ্ছে কোনো ব্যক্তিকে প্রশ্ন করে তার কাছ থেকে উত্তর জেনে দেখানো যে জ্ঞানটা তার মধ্যেই ছিল।@,SOCRATES
বন্ধু হচ্ছে দুটি হৃদয়ের একটি অভিন্ন মন।@,SOCRATES
প্রকৃত জ্ঞান নিজেকে জানার মধ্যে, অন্য কিছু জানার মধ্যে নয়।@,SOCRATES
তুমি কিছুই জান না এটা জানা-ই জ্ঞানের আসল মানে।@,SOCRATES
যাই হোক বিয়ে কর। তোমার স্ত্রী ভাল হলে তুমি হবে সুখী, আর খারাপ হলে হবে দার্শনিক।@,SOCRATES
ব্যস্ত জীবনের অনুর্বরতা সম্পর্কে সতর্ক থাকুন।@,SOCRATES
 আমাদের প্রার্থনা হওয়া উচিত সাধারণের ভালর জন্য। শুধু ঈশ্বরই জানেন কিসে আমাদের ভাল।@,SOCRATES
সত্যিকারের জ্ঞান আমাদের সবার কাছেই আসে, যখন আমরা বুঝতে পারি যে আমরা আমাদের জীবন, আমাদের নিজেদের সম্পর্কে এবং আমাদের চারপাশে যা কিছু আছে তার সম্পর্কে কত কম জানি।@,SOCRATES
 তারা জানে না যে তারা জানে না, আমি জানি যে আমি কিছু জানি না।@,SOCRATES
সেই সাহসী যে পালিয়ে না গিয়ে তার দায়িত্বে থাকে এবং শত্রুদের বিরুদ্ধে যুদ্ধ করে।@,SOCRATES
নিজেকে উন্নয়নের জন্য অন্য মানুষের লেখালেখিতে কাজে লাগাও এই জন্য যে অন্য মানুষ কিসের জন্য কঠোর পরিশ্রম করে তা তুমি যাতে সহজেই বুঝতে পার।@,SOCRATES
সুখ্যাতি অর্জনের উপায় হল তুমি কি হিসেবে আবির্ভূত হতে চাও তার উপক্রম হওয়া।@,SOCRATES
শক্ত মন আলোচনা করে ধারনা নিয়ে, গড়পড়তা মন আলোচনা করে ঘটনা নিয়ে, দুর্বল মন মানুষ নিয়ে আলোচনা করে।@,SOCRATES
বন্ধুত্ব কর ধীরে ধীরে, কিন্তু যখন বন্ধুত্ব হবে এটা দৃঢ় কর এবং স্থায়ী কর।@,SOCRATES
মৃত্যুই হল মানুষের সর্বাপেক্ষা বড় আশীর্বাদ।@,SOCRATES
সত্যিকারের জ্ঞানী হবার প্রক্রিয়াটি তখনই শুরু হবে যখন আপনি জানবেন যে আপনি কিছুই জানেন না।@,SOCRATES
আত্মার উন্নয়ন না করে শারীরিক সুস্থতা অর্থহীন। জ্ঞান চর্চার মাধ্যমে আত্মার উন্নয়ন সাধনই মানুষের প্রথম ও প্রধান কাজ।@,SOCRATES
“ দুটি জিনিস অসীম: মহাবিশ্ব এবং মানুষের অজ্ঞতা; এবং আমি মহাবিশ্ব সম্পর্কে নিশ্চিত নই ”@,ALBERT_EINSTEIN
“ জগদীশচন্দ্র যেসব অমূল্য তথ্য পৃথিবীকে উপহার দিয়েছেন তার যে কোনটির জন্য বিজয়স্তম্ভ স্থাপন করা উচিত। ”@,ALBERT_EINSTEIN
“ বাস্তবতা নিছক একটি বিভ্রম, যদিও এটি খুব স্থায়ী ”@,ALBERT_EINSTEIN
“ কল্পনা জ্ঞানের চেয়ে আরো গুরুত্বপূর্ণ ”@,ALBERT_EINSTEIN
“ বিশ্বের সবচেয়ে অজ্ঞেয় বিষয় তা বোধগম্য হয় না ”@,ALBERT_EINSTEIN
“ সমগ্র বিজ্ঞান দৈনন্দিনের একটি পরিশোধন চিন্তা ছাড়া আর কিছুই না। ”@,ALBERT_EINSTEIN
“ যে কখনও ভুল করেনা। সে নতুন কিছু করার চেষ্টা করে না। ”@,ALBERT_EINSTEIN
“ আমি ভবিষ্যত নিয়ে চিন্তা করিনা। এটা আসে যথেষ্ট তাড়াতাড়ি। ”@,ALBERT_EINSTEIN
“ যেকোন বুদ্ধিমান বোকা জিনিষকে বড় করতে পারে, আরো জটিল, এবং আরও তীব্র। এটি একটি প্রতিভাকে স্পর্শ করে, এবং সাহস অনেকটা বিপরীত দিকে অগ্রসর হয়। ”@,ALBERT_EINSTEIN
“ এই পৃথিবী কখনো খারাপ মানুষের খারাপ কর্মের জন্য ধ্বংস হবে না, যারা খারাপ মানুষের খারাপ কর্ম দেখেও কিছু করেনা তাদের জন্যই পৃথিবী ধ্বংস হবে ”@,ALBERT_EINSTEIN
“ যারা আমাকে সাহায্য করতে না করে দিয়েছিল আমি তাদের প্রতি কৃতজ্ঞ, কারন তাদের ‘না’ এর জন্যই আজ আমি নিজের কাজ নিজে করতে শিখেছি ”@,ALBERT_EINSTEIN
“ ভালোবাসায় পতনের জন্য কোনোভাবেই আমরা মহাকর্ষ-অভিকর্ষকে দায়ী করতে পারি না ”@,ALBERT_EINSTEIN
“ শুধু আইন দিয়ে মত প্রকাশের স্বাধীনতা রক্ষা করা যায় না, দরকার সহনশীলতা@,ALBERT_EINSTEIN
“ আমাদের রহস্যময়তার পরীক্ষণে প্রাপ্ত সবচেয়ে সৌন্দর্যময় জিনিসগুলো হলো শিল্প, বিজ্ঞান এবং বন্ধুত্ব ”@,ALBERT_EINSTEIN
“ যদি আমাকে একটি সমস্যা সমাধানের জন্য এক ঘন্টা বেঁধে দেয়া হয়, আমি ৫৫ মিনিট সমস্যাটা নিয়ে চিন্তা করি এবং বাকি ৫ মিনিট সমাধানটা নিয়ে চিন্তা করি ”@,ALBERT_EINSTEIN
“ জ্ঞানী লোক কখনও সুখের সন্ধান করে না ”@,ARISTOTLE
“ যে ব্যক্তি সমাজের অন্তর্ভুক্ত নয় সে হয় ফেরেস্থা, নয় পশু ”@,ARISTOTLE
“ দু'টি দেহে একটি আত্মার অবস্থানই হলো বন্ধুত্ব ”@,ARISTOTLE
“ জ্ঞানীরা ধন সঞ্ছয় করেন অর্থ পিশাচদের মুখাপেক্ষী না হওয়ার জন্য ”@,ARISTOTLE
“ প্রত্যেক নতুন জিনিসকেই উৎকৃষ্ট মনে হয়। কিন্তু, বন্ধুত্ব যতই পুরাতন হয়,ততই উৎকৃষ্ট ও দৃঢ় হয়। ”@,ARISTOTLE
“ আশা হচ্ছে জেগে স্বপ্ন দেখার মতো। ”@,ARISTOTLE
“ বেশী কথা বলা, তা যতই মূল্যবান হউক নির্বুদ্ধিতার নিদর্শন। ”@,ARISTOTLE
“ শিক্ষার শেকড়ের স্বাদ তেঁতো হলেও এর ফল মিষ্টি ”@,ARISTOTLE
“ দুর্ভাগ্যবান তারাই যাদের প্রকৃত বন্ধু নেই ”@,ARISTOTLE
“ একটি গণতান্ত্রিক শাসনব্যবস্থায় সার্বভৌম ক্ষমতা সমগ্র জনগণের হাতে ন্যস্ত থাকে ”@,ARISTOTLE
“ জ্ঞানীরা ধনসঞ্চয় করেন অর্থপিশাচদের মুখাপেক্ষী না হওয়ার জন্য ”@,ARISTOTLE
“ বন্ধু কি? এক আত্মার দুইটি শরীর। ”@,ARISTOTLE
“ অনুমান বা ধারনা থেকেই সত্যের উৎপত্তি ”@,ARISTOTLE
“ ব্যর্থ হওয়ার নানা উপায় আছে, কিন্তু সফল হওয়ার উপায় একটাই ”@,ARISTOTLE
“ একটি সুখের সংসার ধ্বংস করার জন্য শয়তান যতগুলো অস্ত্র আবিস্কার করেছে তার মধ্যে মারাত্নক অস্ত্র স্ত্রীর ঘ্যানর ঘ্যানর ”@,DALE_CARNEGIE
“ যদি ভালোভাবে বাচতে চান তা হলে মনে রাখবেন-সমস্যাকে তুচ্ছজ্ঞান করতে হবে, আর্শীবাদকে গণ্য করতে হবে। ”@,DALE_CARNEGIE
“ কর্মহীন জীবন হতাশার কাফনে জড়ানো একটি জীবন্ত লাশ ”@,DALE_CARNEGIE
“ অনুকরণ নয়, অনুসরণ নয়, নিজেকে খুঁজুন, নিজেকে জানুন, নিজের পথে চলুন ”@,DALE_CARNEGIE
“ সন্দেহপ্রবণ মন এক বৃহৎ বোঝাস্বরুপ ”@,DALE_CARNEGIE
“ আমি তোমাদের ভালোবাসায় না গিয়ে যুদ্ধে যাওয়ার পরামর্শ দিচ্ছি, কারন যুদ্ধে তুমি হয় বাঁচবে না হয় মরবে, কিন্তু ভালোবাসলে না পারবে বাঁচতে না পারবে মরতে ”@,ADOLF_HITLER
“ একজন বড় মিথ্যাবাদী, একজন বড় জাদুকরও ”@,ADOLF_HITLER
“ অপছন্দের চেয়ে ঘৃণার স্থায়িত্ব বেশি ”@,ADOLF_HITLER
“ যে যুবক ভবিষ্যৎকে জয় করে, সে হয় একা ”@,ADOLF_HITLER
“ সন্ত্রাস, নাশকতা, হত্যা এবং বিস্ময়ের মধ্য দিয়ে শত্রুর মনোবল ভেঙে দাও, এটাই যুদ্ধের ভবিষ্যৎ ”@,ADOLF_HITLER
“ যে ব্যাক্তি আকাশকে সবুজ দেখে এবং জমিনকে আঁকে নীল রঙে তাকে নপংসুক করে দেয়া কর্তব্য ”@,ADOLF_HITLER
“ একজন খ্রিস্টান হিসেবে প্রতারিত হওয়া আমার কর্তব্য নয়, কর্তব্য হলো সত্য এবং ন্যায়ের জন্য যুদ্ধ করা ”@,ADOLF_HITLER
“ জার্মানি হবে পৃথিবীর সর্বশক্তিমান নয়তো কিছুই নয় ”@,ADOLF_HITLER
“ শক্তি প্রতিরোধে নয়, আক্রমণেই প্রকাশিত হয় ”@,ADOLF_HITLER
“ কে বলেছে আমি ঈশ্বরের দ্বারা সুরক্ষিত নই ”@,ADOLF_HITLER
“ সংসারে কারো ওপর ভরসা করো না, নিজের হাত এবং পায়ের ওপর ভরসা করতে শেখো ”@,WILLIAM_SHAKESPEARE
“ মনের সৌন্দর্যকে যে অগ্রাধিকার দেয় সংসারে সেই জয়লাভ করে ”@,WILLIAM_SHAKESPEARE
“ জীবন মানে অনিশ্চিৎ ভ্রমণ ”@,WILLIAM_SHAKESPEARE
“ পৃথিবীর জীবন নামক নাট্যমঞ্চে সবাই একেকজন অভিনেতা/ অভিনেত্রী। শুধুমাত্র চরিত্রগুলো ভিন্ন। ”@,WILLIAM_SHAKESPEARE
“ ভীরুরা মরার আগে বারে বারে মরে। সাহসীরা মৃত্যুর স্বাদ একবারই গ্রহণ করে। ”@,WILLIAM_SHAKESPEARE
“ যদি গুন না থাকে তবে অভিনয় করো ”@,WILLIAM_SHAKESPEARE
“ কাউকে সারা জীবন কাছে পেতে চাও? তাহলে প্রেম দিয়ে নয় বন্ধুত্ব দিয়ে আগলে রাখো। কারণ প্রেম একদিন হারিয়ে যাবে কিন্তু বন্ধুত্ব কোনদিন হারায় না ”@,WILLIAM_SHAKESPEARE
“ তারাই সুখী যারা নিন্দা শুনে এবং নিজেদের সংশোধন করতে পারে ”@,WILLIAM_SHAKESPEARE
“ আমার ভালো বন্ধুদের কথা মনে করে আমি যতোটা সুখী হতে পারি, অন্য কোনোভাবে ততোটা সুখী হতে পারি না ”@,WILLIAM_SHAKESPEARE
“ সচেতনতা আমাদের সবাইকে কাপুরুষ বানিয়ে দিয়েছে ”@,WILLIAM_SHAKESPEARE
“ সততার নিকট দুর্নীতি কোনোদিনই জয়ী হতে পারে না ”@,WILLIAM_SHAKESPEARE
“ নারীর কাছে সন্তান প্রসব একটা তৃপ্তিকর শান্তি ”@,WILLIAM_SHAKESPEARE
“ প্রত্যাশাই সকল মর্মবেদনার কেন্দ্র বিন্দু ”@,WILLIAM_SHAKESPEARE
“ আমি সবসময় নিজেক সুখী ভাবি, কারণ আমি কখনো কারো কাছে কিছু প্রত্যাশা করি না, কারো কাছে কিছু প্রত্যাশা করাটা সবসময়ই দুঃখের কারণ হয়ে দাঁড়ায় ”@,WILLIAM_SHAKESPEARE
“ অভাব যখন দরজায় এসে দাঁড়ায়, ভালোবাসা তখন জানালা দিয়ে পালায় ”@,WILLIAM_SHAKESPEARE
আমার সফলতার ভিত্তিতে আমাকে বিচার ক'রো না, আমাকে বিচার করো আমার ব্যর্থতা এবং ব্যর্থতার পর ঘুরে দাঁড়ানোর ভিত্তিতে।@,NELSON_MANDELA
আমি সাধু নই, তবে যদি সাধুকে এমন এক পাপী হিসেবে বিবেচনা কর, যে সৎ হবার জন্য তার চেষ্টা চালিয়ে যাচ্ছে, তাহলে আমি তাই।@,NELSON_MANDELA
 ঘৃণা মনকে অন্ধকার করে দেয়। কৌশলের পথ রুদ্ধ করে দেয়। নেতাদের ঘৃণা করা সাজে না।  @,NELSON_MANDELA
 যদি কেউ ঘৃণা করতে শেখে তাহলে সে ভালোবাসা শিখে নিতে পারে। ঘৃণা নয়, মানব হৃদয়ে স্বাভাবিকভাবে ভালোবাসার জন্ম হয়।@,NELSON_MANDELA
 ঘৃণা নিয়ে কেউ জন্ম গ্রহণ করে না।@,NELSON_MANDELA
 সাহসী মানুষের শান্তির জন্য ক্ষমা করতে ভীত নয়।@,NELSON_MANDELA
পৃথিবীতে প্রতিশোধ গ্রহণের মাধ্যমে আপনি যতটা অর্জন করতে পারবেন, তার চেয়ে ঢের বেশি অর্জন করতে পারবেন ক্ষমা প্রদর্শনের মাধ্যমে।@,NELSON_MANDELA
যেখানে একসময় থাকে বেদনার বসবাস, খেলাধুলা সেথায় করতে পারে আশাবাদের চাষ।@,NELSON_MANDELA
পেছন থেকে নেতৃত্ব দাও- আর সাথে অন্যদের বিশ্বাস দাও যে নেতার আছে সম্মুখসারিতে।@,NELSON_MANDELA
 আমি বর্ণবাদকে ঘৃণা করি কারণ এটা একটা বর্বর বিষয়, তা সে কালো বা সাদা যেকোনো মানুষের কাছ থেকে আসুক না কেন।@,NELSON_MANDELA
সব সময়, যতক্ষণ না কাজ সমাধা হচ্ছে ততক্ষণ পর্যন্ত তা এক অসম্ভব বিষয় বলে মনে হয়।@,NELSON_MANDELA
যেকোনো কিছুতে ভীত নয়; সে নয়, বরঞ্চ যে ভয়কে জয় করে সেই হচ্ছে প্রকৃত সাহসী।@,NELSON_MANDELA
সম্মান তাদের প্রাপ্য, যারা কখনো সত্যকে পরিত্যাগ করে না, এমনকি যখন পরিস্থিতি অন্ধকারচ্ছন্ন এবং বেদনাদায়ক।@,NELSON_MANDELA
 কেবল শৃঙ্খলহীন হওয়া নয়, বরং স্বাধীন হওয়া মানে শ্রদ্ধা এবং অন্যের স্বাধীনতা বৃদ্ধির সাথে বসবাস।@,NELSON_MANDELA
শিক্ষা হচ্ছে সবচেয়ে শক্তিশালী অস্ত্র, যার মধ্যে দিয়ে পৃথিবীকে বদলে ফেলা যায়।@,NELSON_MANDELA
বলা হয়ে থাকে যে সত্যিকার অর্থে কেউ একটি জাতিকে জানতে পারে না যতক্ষণ না কেউ একজন এর কারাগারে বন্দি থাকে।@,NELSON_MANDELA
 যখন একজন মানুষ বিবেচনা করা যে নিজ জাতি এবং স্বদেশের প্রতি সে তার দায়িত্ব পালন করেছে, তখন সে শান্তিতে মৃত্যু বরণ করতে পারে।@,NELSON_MANDELA
“ছোট বিষয়ে বিশ্বস্ত হও কারন এর উপরেই তোমার শক্তি নির্ভর করে। ”@,MOTHER_TERESA
“আমি ঈশ্বরের হাতের একটি ছোট পেন্সিল যা দ্বারা ঈশ্বর পৃথিবীতে ভালোবাসার চিঠি লিকছেন।”@,MOTHER_TERESA
 ‘আসুন, আমরা সবাই মিলে প্রার্থনা করি। প্রভু, আমাদের যোগ্য করো, যেন আমরা সারা পৃথিবীতে যেসব মানুষ দারিদ্র্যের মধ্যে ক্ষুধার মধ্যে জীবন যাপন করেন, মৃত্যুমুখে পতিত হন, তাদের সেবা করতে পারি।’@,MOTHER_TERESA
কেবল সেবা নয়, মানুষকে দাও তোমার হৃদয়। হৃদয়হীন সেবা নয়, তারা চায় তোমার অন্তরের স্পর্শ।’@,MOTHER_TERESA
আনন্দই প্রার্থনা, আনন্দই শক্তি, আনন্দই ভালোবাসা।’@,MOTHER_TERESA
 ‘হৃদয়কে স্পর্শ করতে চায় নীরবতা। কলরবের আড়ালে নীরবেই পৌঁছাতে হয় আর্তের কাছে।’@,MOTHER_TERESA
 ‘তুমি যখন কারো সঙ্গে দেখা করো তখন হাসিমুখ নিয়েই তার সামনে যাও। কেননা হাস্যোজ্জ্বল মুখ হলো ভালোবাসার শুরু।’@,MOTHER_TERESA
‘আমার শরীরজুড়ে প্রবাহিত আলবেনিয়ান রক্ত, নাগরিকত্বে একজন ভারতীয় আর ধর্মীয় পরিচয়ে আমি একজন ক্যাথলিক নান। তবে নিজের অন্তর্নিহিত অনুভূতি দিয়ে আমি অবগাহন করি বিশ্বময় এবং মনে-প্রাণে আমার অবস্থান যিশুর হৃদয়ে।’@,MOTHER_TERESA
‘ভালবাসার কথাগুলো হয়তো খুব সংক্ষিপ্ত ও সহজ হতে পারে কিন্তু এর প্রতিধ্বনী কখনো শেষ হয় না।’@,MOTHER_TERESA
‘তুমি যদি মানুষকে বিচার করতে যাও তাহলে ভালোবাসার সময় পাবে না।’@,MOTHER_TERESA
‘শান্তির জন্য কাজ করলে তাতেই যুদ্ধ কমে যায়। কিন্তু রাজনীতির মধ্যে আমি যাব না। রাজনীতি থেকেই যুদ্ধের উদ্ভব হয়। সেজন্য রাজনীতির সঙ্গে জড়িয়ে পড়তে আমি চাই না। রাজনীতির মধ্যে যদি আমি বাঁধা পড়ে যাই, তাহলে আর ভালোবাসতে পারব না। কেননা, তখন সকলের পক্ষে আর নয়, আমাকে দাঁড়াতে হবে একজনের পক্ষে।’@,MOTHER_TERESA
‘ঈশ্বর পৃথিবীকে ভালোবাসেন এবং তিনি আপনাকে, আমাকে পাঠিয়েছেন তার ভালোবাসা এবং সহায়তা দরিদ্রদের কাছে পৌঁছে দেওয়ার জন্য।’@,MOTHER_TERESA
‘তুমি কী করলে তার চাইতে তুমি কতটা ভালোবাসা দিয়ে করলে তা-ই মুখ্য।’@,MOTHER_TERESA
“তুমি দৃশ্যমান মানুষকে ভালোবাসতে না পারো তবে অদৃশ্য ঈশ্বরকে কি করে ভালোবাসবে?”@,MOTHER_TERESA
 “আমাদের মধ্যে সবাই সব বড় কাজগুলো করতে পারে না, কিন্তু আমরা অনেক ছোট ছোট কাজ করতে পারি আমাদের ভালোবাসা দিয়ে।”@,MOTHER_TERESA
 “নেতার জন্য বসে থেকো না, একাই ব্যাক্তি থেকে ব্যাক্তি শুরু করে দেও।”@,MOTHER_TERESA
“সত্যিকারের ভালোবাসার অর্থ হলো যতক্ষন তা কষ্ট না দেয় ততক্ষন দেওয়া।”@,MOTHER_TERESA
 “তুমি যদি শতশত লোকের খুধা মিটাতে না পারো তাহলে শুধুমাত্র একজনকে খাওয়াও।”@,MOTHER_TERESA
 “শান্তির শুরুই হয় হাসির মাধ্যমে।”@,MOTHER_TERESA
“গতকাল চলে গেছে, আগামিকাল এখনো আসেনি, আমাদের জন্য আছে আজকের দিন, এখনই শুরু করা যাক।”@,MOTHER_TERESA
 “কিছু লোক তোমার জীবনে আশির্বাদ হয়ে আসে, কিছু লোক আসে শিক্ষা হয়ে।”@,MOTHER_TERESA
“আশা করো না যে তোমার বন্ধু নির্ভুল ব্যাক্তি হবে বরং তোমার বন্ধুকে নির্ভুল হতে সহায়তা করো এটাই প্রকৃত বন্ধুত্ব।”@,MOTHER_TERESA
কোন সভ্য জাতিকে অসভ্য করার ইচ্ছা যদি তোমার থাকে, তাহলে তাদের বইগুলো ধ্বংস কর, সকল পন্ডিতকে হত্যা কর, তোমার উদ্দেশ্য সিদ্ধ হবে।@,LUTFOR_RAHMAN
জাতি যখন দৃষ্টিসম্পন্ন ও জ্ঞানী হয়, তখন জাগবার জন্য সে কারো আহবানের অপেক্ষা করে না, কারন, জাগরনই তার স্বভাব।@,LUTFOR_RAHMAN
 তুমি তোমার ব্যক্তিত্বকে দৃঢ় করে তোল। কেউ তোমার উপর অন্যায় আধিপত্য করতে পারবে না।@,LUTFOR_RAHMAN
যুবকদের গায়ের জোরে আস্থা খুব বেশি। বিচার বৃদ্ধি বিবেকের দাবি তাদের কাছে নাই। ঔদ্ধত্য প্রকাশ তাদের স্ব-প্রকৃত।@,LUTFOR_RAHMAN
 সাহিত্যের কাজ মানুষকে তার চারিদিককার মন্দ শক্তির বিরুদ্ধে বিদ্রোহী করে তোলা।তার মধ্যে সমাজ বন্ধু বান্ধব আত্মীয় স্বজনকে অগ্রাহ্য করে ন্যায় সত্য ও আল্লাহকে মেনে নেবার প্রবৃত্তি করে দেওয়া।@,LUTFOR_RAHMAN
মানুষ যতই ছোট হোক, যতই সে অবজ্ঞাত হয়ে থাকুক, তার মাঝে অসীম ক্ষমতা, অনন্ত প্রতিভা ঘুমিয়ে আছে। অনুকূল পরিবেশ পেলে তার ভেতরকার রূপ মহিমা অনন্ত শিখায় ফুটে উঠবে। @,LUTFOR_RAHMAN
 যার যেটা নেই সে কখনও সেটার মূল্য বুঝে না, একমাত্র সেই ব্যক্তিই সেটার মূল্য বুঝে যার কোন জিনিস পূর্বে ছিল কিন্তু এখন নেই।@,REDWAN_MASUD
 ভবিষ্যতে যার কাছ থেকে তুমি সবচেয়ে বড় কষ্টটি পাবে, আজ সে তোমার সবচেয়ে কাছের কোন একজন।@,REDWAN_MASUD
স্বপ্ন তাকে নিয়েই দেখ যে শুধু স্বপ্ন দেখায় না বাস্তবায়নও করে, কিন্তু এমন কাউকে নিয়ে স্বপ্ন দেখ না যে স্বপ্ন দেখিয়ে নিজেই হারিয়ে যায়।@,REDWAN_MASUD
পৃথিবীতে কঠিন বাস্তবের মধ্যে একটি বাস্তব হলোঃ মানুষ যখন সাফল্যের দ্বারপ্রান্তে এসে পৌছায় আর তখনই তার প্রিয় মানুষটি হারিয়ে যায়।@,REDWAN_MASUD
সুখে থাকাই জীবনের চরম সার্থকতা নয় বরং কাউকে সুখে রাখতে পারাটাই হলো জীবনের সবচেয়ে বড় সার্থকতা।@,REDWAN_MASUD
কেউ তোমাকে অনেক ভালোবাসবে, সহজেই অনেক আপন করে নিবে। আর তাতে তুমি আনন্দে ভেসে যেও না। এ আনন্দ তোমার জন্য নাও সইতে পারে। অপেক্ষা করো সময়ের জন্য। সময়ই বলে দিবে এ ভালবাসা তোমার জন্য দুঃখের না সুখের।@,REDWAN_MASUD
জীবন চলার পথে বাঁধা আসতেই পারে তাই বলে থেমে যাওয়ার কোন অবকাশ নেই,যেখানে বাঁধা আসবে সেখান থেকেই আবার শুরু করতে হবে।@,REDWAN_MASUD
 একটা ভুল মানুষকে হয়তো অনেক কাঁদায়, কিন্তু মনে রাখতে হবে জীবনে এমন কিছু ভুল আছে যা ভবিষ্যতে হাজারটা ভুল থেকে বাচায় @,REDWAN_MASUD
তার জন্য কাঁদ যে তোমার চোখের জল দেখে সেও কেঁদে ফেলে, কিন্তু এমন কারো জন্য কেদোনা যে তোমার চোখের জল দেখে উপহাস করে।@,REDWAN_MASUD
 আবেগ আর বিবেক দুইটাই ভিন্ন জিনিস। আবেগ বেশিরভাগ ক্ষেত্রেই ক্ষতিকর আর বিবেক মানুষকে ভাল মন্দ বাছাই করতে শিখায়। কিন্তু দুঃখজনক হলেও সত্য যে আমরা সবাই আবেগের কাছে বিবেক হারাই, কিন্তু বিবেকের কাছে আবেগ হারাই না।@,REDWAN_MASUD
কাঁদতে হলে বিবেকের প্রয়োজন হয় না, শুধু আবেগ থাকলেই হয়। কিন্তু হাসতে গেলে কোন কোন সময় বিবেকের প্রয়োজন হয়। কারণ আমরা অনেকই আছি যারা মানুষের বিপদ দেখলে হাসি।@,REDWAN_MASUD
কারো জন্য কিছু থেমে না থাকলেও মনে কিছু আক্ষেপ থেকে যায়, যা কোন দিন ও শেষ হয় না, শুধু জীবন ভরে কাদায়।@,REDWAN_MASUD
তোমাকে ছাড়া থাকার কোন সাধ্য আমার নেই কারণ তোমাকে আমি আমার জীবনের চেয়েও বেশি ভালোবাসি। তোমাকে ধরে রাখার কোন উপায় আমার কাছে জানা নেইকারণ বাস্তবতার কাছে আমি বড় অসহায়।@,REDWAN_MASUD
তুমি তার জন্য কাঁদো কারণ তুমি তাকে এখনও ভালোবাস, তোমার কান্না দেখে সে হাসে  কারণ সে কখনোই তোমাকে ভালোবাসেনি শুধু সময়ের প্রয়োজনে কাছে এসেছিল আবার সময়ের পরিবর্তনে চলে গেছে, মাঝখানে যা কিছু হয়েছিসব আবেগ আর শেষে যা হয়েছে সব প্রতারণা।@,REDWAN_MASUD
পৃথিবীতে তোমার হাজার হাজার আত্মীয়-স্বজন,বন্ধু-বান্ধব ও শুভাকাঙ্ক্ষী থাকবে, কিন্তু সবশেষে তুমি একজন মানুষকেই খুজে পাবে, যাকে তুমি শত আঘাত দেওয়ার পরেও সে শুধু তোমার ভবিষ্যত নিয়েই ভাবে, আর তিনি হলেন মা।@,REDWAN_MASUD
পৃথিবীতে কেউ কারো নয় শুধু সুখে থাকার আশায় কাছে টানার ব্যার্থ প্রত্যয় আর দূরে চলে যাওয়ার এক বাস্তব অভিনয়।@,REDWAN_MASUD
ভালোবাসা মানে এই নয় যে কাউকে বিয়ে করতেই হবে, কখনও কখনও ভালোবাসার মানুষের সুখের জন্য বুকের ভেতর শত যন্ত্রনা ঢেকে রেখে হাসি মুখে প্রেমিক/প্রেমিকাকে বিদায় দিতে হয়।@,REDWAN_MASUD
ভুল থেকেই মানুষ শিখে, কিন্তু সে ভুলটি যেন না হয় জীবনের শেষ ভুল। কারণ এমনও হতে পারে আপনি যে সুযোগটি হাতছাড়া করে ফেলেছেন,সে সুযোগটিই ছিল আপনার জীবনের শেষ সুযোগ।@,REDWAN_MASUD
কাউকে কখনও বেশি আপন করে নিও না, তাহলে তার কাছে তোমার নিজের অস্তিত্বই হুমকির মুখে পড়বে।@,REDWAN_MASUD
বন্ধুর সাথে ভালোবাসার সম্পর্কে জড়ানো ঠিক নয়। বন্ধুত্ব সম্পর্কটা চির দিনের জন্য যা কোন কারনে ভেঙ্গে গেলেও আবার কোন দিন না কোন দিন জোড়া লাগে কিন্তু ভালোবাসার মানুষটির সাথে সম্পর্ক ভেঙ্গে গেলে ভালোবাসার পাশাপাশি বন্ধুত্বের সম্পর্কটাও হারিয়ে যায়।@,REDWAN_MASUD
কিছু মানুষের কষ্ট চোখ দিয়ে ঝরে কিছু মানুষের কষ্ট মেজাজ দিয়ে প্রকাশ করে কিছু মানুষের কষ্ট হৃদয়ের মাঝে শুকিয়ে মরে তবে কষ্টকে যারা প্রকাশ করতে না পারে, তারাই জীবনে সবচেয়ে বেশি কষ্ট করে।@,REDWAN_MASUD
যে থাকবে না তাকে যতভাবেই আটকে রাখতে চাও না কেন কোনো লাভ হবে না কারণ সে ইতিমধ্যে তোমার প্রতি তার সকল মায়া ত্যাগ করে ফেলেছে। হয়তোবা তোমার চোখের দিকে তাকিয়ে মাঝে মাঝে ভালোবাসার অভিনয় করবে কিন্তু তুমি তাকে এতই ভালোবেসে ফেলেছ যে তার সামান্য একটু অভিনয়েই তাকে ফিরে পাওয়ার স্বপ্নে অস্থির হয়ে গেছ। আসলে এ স্বপ্নই তোমাকে আরো বেশি কষ্ট দিবে, যা তুমি কল্পনাও করতে পারবেনা।@,REDWAN_MASUD
খে থাকতে সবাই চায়, কিন্তু কিছু মানুষের জীবনে সুখে থাকতে চাওয়াই  দুঃখের কারণ হয়ে দাঁড়ায়।@,REDWAN_MASUD
প্রাপ্তি আর প্রত্যাশার পার্থক্য হল দুঃখ। তাই নিজের প্রত্যাশাটা একটু কমিয়ে ফেলুন, দেখবেন আপনার দুঃখও কমে গেছে।@,REDWAN_MASUD
কিছু চোখ তোমার দিকে বাঁকা নজরে তাকাবে, কিছু হৃদয় তোমাকে আপন করে নিতে চাইবে, আর কিছু কণ্ঠ তোমাকে মধুর সূরে ডাকবে। তাই বলে তুমি সবার দিকে তাকাতে পার না, সবার হৃদয়ের সাথে হৃদয় মিলাতে পার না, সবার কণ্ঠে কণ্ঠ দিতে পার না। তোমাকে এমন একজনকে বেছে নিতে হবে যে তোমার চেহারা দেখে ভালোবাসে না, ভালোবাসে শুধু তোমার হৃদয় দেখে।@,REDWAN_MASUD
 প্রেম হলো মরণব্যাধির চেয়েও ভয়ানক রোগ। কারণ মরণব্যাধি মানুষকে একবারে শেষ করে দেয়। আর প্রেম রোগ অনেককে সারা জীবন তিলে তিলে ক্ষয় করে মারে।@,REDWAN_MASUD
কাউকে দুঃখ দিয়ে বেঁচে থাকার চেয়ে দুঃখ নিয়ে বেঁচে থাকা অনেক ভাল। কারণ নিজের কষ্টের জন্য কারো কাছে জবাবদিহি করতে হয় না। কিন্তু অন্যকে কষ্ট দিলে জীবন ভরে তার অভিশাপ মাথায় নিয়ে চলতে হয়।@,REDWAN_MASUD
তুমি কাউকে সহজেই বোকা বানিয়ে দিতে পারবে অথবা কারো সরলতার সুযোগ নিয়ে ঠকিয়ে দিতে পারবে। কিন্তু নিজের বিবেকের কাছে একবার প্রশ্ন করে দেখ নৈতিকতার দিক দিয়ে কি তুমি নিজেই হেরে গেলে না?@,REDWAN_MASUD
কাউকে যদি বেশি মায়া কর, তবে সেই তোমাকে সবচেয়ে বেশি কষ্ট দিবে।@,REDWAN_MASUD
 যে ভালবাসার মাঝে না পাওয়ার ভয় থাকে আর সেই কথা মনে করে দু’জনেই কাদে, সে ভালবাসা হচ্ছে প্রকৃত ভালবাসা”।@,REDWAN_MASUD
তিটা মানুষই তার নিজের কাছে নির্ভুল, আর এ জন্যেই মানুষ ভুল করে, কারন ভুলকে নির্ভুল ভেবেই মানুষ সবচেয়ে বড় ভুল করে থাকে”।@,REDWAN_MASUD
কাউকে অপমান করা খুবই সহজ। আরও সহজ হল প্রকাশ্যে অপদস্থ করে সম্পর্ক ভেঙ্গে দেয়া ।কিন্তু সবচেয়ে কঠিন কাজ হল নিজের ভুল স্বীকার করেআবার সম্পর্কটাকে স্বাভাবিক পর্যায়ে নিয়ে আসা।@,REDWAN_MASUD
 নিজেকে কখনও ছোট করে দেখো না, তাহলে তোমার নিজের আত্মাই মরে যাবে। আত্মা মরে গেলে মানুষ স্বপ্ন দেখতে ভুলে যায়। আর স্বপ্ন ছাড়া মানুষ কখনও বেঁচে থাকতে পারে না।@,REDWAN_MASUD
“বাকা পথে হাটলেও পথ হারাইও না, যে পথ তুমি হারিয়ে ফেলবে হয়তবা সে পথ আবার খুজে পাবে। কিন্তু যে সময়টুকু পিছনে ফেলে আসবে সে সময় কিন্তু আর ফিরে পাবে না”।@,REDWAN_MASUD
অপমানিত জীবন অভিশপ্ত জীবনের চেয়ে ভয়াবহ, কারন অভিশাপ নিজের কর্মের ফল, আর অপমান সবসময় নিজের কর্মের জন্য হতে হয় না, যা শুধু গোপনে সয়ে যেতে হয় প্রতিবাদ করা যায় না”।@,REDWAN_MASUD
আশা নিরশার মাঝেই মানুষের জীবন। তাই বেশি আশা করাও ভাল না আবার বেশি নিরাশ হওয়াও ভাল না, দুটোর মধ্যে থাকটাই উত্তম”।@,REDWAN_MASUD
মেয়েরা কখনও পুরুষের ভালো আচরণ বা ব্যবহার দেখে তাদের প্রতি দুর্বল হয় না, মেয়েরা দুর্বল হয় শুধুমাত্র পুরুষের অভিনয় দেখে।@,REDWAN_MASUD
কখনও কখনও মানুষ সুখের চেয়ে দূঃখকেই বেশি পছন্দ করে। মানুষ যখন একটানা দীর্ঘ সময় কষ্টে থাকে তখন কষ্টের সাথে অভ্যস্ত হয়ে যায়। আর সে কখনও চায় না সেই কষ্টের স্মৃতিগুলো ভুলে সুখের সঙ্গী হতে। তাই পিছনে ফেলে আসা কষ্টের স্মৃতিগুলোই সবসময় তাকে তাড়া করে বেড়ায়। আর এ কষ্টগুলোই তখন তার কাছে সুখের চেয়ে বড্ড মধুর লাগে।@,REDWAN_MASUD
ভাগ্য হচ্ছে এমন একটা চিরন্তন সত্য যা ব্যক্তিভেদে ভিন্ন হয়। যেটা যার কপালে লেখা নেই সেটার জন্য হাজার চেষ্টা করলেও কোন লাভ নেই, আবার অনেকে আছেন যারা যেটা কোনদিন কল্পনাও করেননি সেটাও পেয়ে যাচ্ছেন।@,REDWAN_MASUD
 জীবনটাকে কখনই রসগোল্লা ভাববেন না, জীবনটা আসলে কাঁচা মরিচের মত। যত খাবেন ততই ঝাল। কিন্তু সব ধরনের ভিটামিন সমৃদ্ধ। তাই যত বেশি মানুষের সাথে চলবেন তত বেশিই আঘাত পাবেন। কিন্তু জীবনে বড় ধরণের শিক্ষা পাবেন, যা আপনাকে একসময় নিয়ে যাবে সাফল্যের চূড়ায়।@,REDWAN_MASUD
নারীর হৃদয় হলো এমন একটা জায়গা যেখানে গেলে সকল পুরুষই নিজেকে হারিয়ে ফেলে।@,REDWAN_MASUD
মনের মতো মানুষ ছাড়া সংসার করা আর ডাস্টবিনের পাশে বসে থাকা একই কথা।@,REDWAN_MASUD
মন অনেক কিছুই চাইবে, কিন্তু তা বিবেক দিয়ে বিচার করবে। তাহলেই তুমি বুঝবে কোনটা তোমার করা উচিত আর কোনটা করা উচিত নয়।@,REDWAN_MASUD
সফলতার গল্প পড়ো না, কারণ তা থেকে তুমি শুধু গল্পটাই পাবে। ব্যর্থতার গল্প পড়ো, তাহলে সফল হওয়ার কিছু উপায় পাবে।@,ABUL KALAM AZAD
স্বপ্ন পূরণ না হওয়া পর্যন্ত স্বপ্ন দেখে যাও। স্বপ্ন সেটা নয় যা তুমি ঘুমিয়ে ঘুমিয়ে দেখো, স্বপ্ন হলো সেটাই যা তোমাকে ঘুমোতে দেয় না।@,ABUL KALAM AZAD
মানুষ তার ভবিষ্যত পরিবর্তন করতে পারে না, কিন্তু অভ্যাস পরিবর্তন করতে পারে। অভ্যাসই মানুষের ভবিষ্যত পরিবর্তন করে দেয়।@,ABUL KALAM AZAD
তুমি যদি সূর্যের মতো আলো ছড়াতে চাও, তাহলে আগে সূর্যের মতো পুড়তে শেখো।@,ABUL KALAM AZAD
জাতির সবচেয়ে ভালো মেধা ক্লাসরুমের শেষ বেঞ্চ থেকে পাওয়া যেতে পারে।@,ABUL KALAM AZAD
যারা মন থেকে কাজ করে না, তারা আসলে কিছুই পায় না। আর পেলেও সেটা হয় অর্ধেক হৃদয়ের সফলতা। তাতে সব সময়ই একরকম তিক্ততা থেকে যায়।@,ABUL KALAM AZAD
বৃষ্টি শুরু হলে সব পাখিই কোথাও না কোথাও আশ্রয় খোঁজে। কিন্তু ঈগল মেঘের ওপর দিয়ে উড়ে বৃষ্টিকে এড়িয়ে যায়।@,ABUL KALAM AZAD
আমি সুপুরুষ নই। কিন্তু যখন কেউ বিপদে পড়েন আমি সাহায্যের হাত বাড়িয়ে দিই। সৌন্দর্য থাকে মানুষের মনে, চেহারায় নয়।@,ABUL KALAM AZAD
তিনজনই পারেন একটি দেশ বা জাতিকে বদলাতে। তাঁরা হলেন, বাবা, মা ও শিক্ষক।@,ABUL KALAM AZAD
উপরে তাকিয়ে আকাশটাকে দেখো। তুমি একা নও, এই মহাবিশ্ব তোমার বন্ধুর মতোই।@,ABUL KALAM AZAD
কাউকে হারিয়ে দেয়াটা খুব সহজ, কিন্তু কঠিন হলো কারো মন জয় করা।@,ABUL KALAM AZAD
প্রথম সাফল্যের পর বসে থেকো না। কারণ দ্বিতীয়বার যখন তুমি ব্যর্থ হবে তখন অনেকেই বলবে প্রথমটিতে শুধু ভাগ্যের জোরে সফল হয়েছিলে।@,ABUL KALAM AZAD
জীবন ও সময় পৃথিবীর শ্রেষ্ঠ শিক্ষক। জীবন শেখায় সময়কে ভালোভাবে ব্যবহার করতে আর সময় শেখায় জীবনের মূল্য দিতে।@,ABUL KALAM AZAD
আমি আবিষ্কার করলাম সবচেয়ে দ্রুতগতিতে বেশী বিক্রি হয়ে যায় সিগারেট ও বিড়ি। অবাক হয়ে ভাবতাম, গরিব মানুষেরা তাদের কঠোর পরিশ্রমে উপার্জিত অর্থ এভাবে ধোঁয়া গিলে উড়িয়ে দেয় কেন।@,ABUL KALAM AZAD
আকাশের দিকে তাকাও। আমরা একা নই। মহাবিশ্ব আমাদের প্রতি বন্ধুপ্রতীম। যারা স্বপ্ন দেখে ও সে মতো কাজ করে, তাদের কাছেই সেরাটা ধরা দেয়।@,ABUL KALAM AZAD
সমাপ্তি মানেই শেষ নয়। ‘END’ শব্দটির মানে হচ্ছে ‘Effort Never Dies’ অর্থাৎ ‘প্রচেষ্টার মৃত্যু নেই’।@,ABUL KALAM AZAD
জীবন এক কঠিন খেলা। এই খেলায় জয় তখনই সম্ভব, যখন তুমি ব্যক্তি হিসেবে জন্মগতভাবে পাওয়া অধিকারকে ধারণ করবে।@,ABUL KALAM AZAD
একটি ভাল বই একশত ভাল বন্ধুর সমান কিন্তু একজন ভাল বন্ধু একটি লাইব্রেরীর সমান।@,ABUL KALAM AZAD
আমরা শুধু সাফল্যের উপরেই গড়ি না, ব্যর্থতার উপরেও গড়ি।@,ABUL KALAM AZAD
“যে নারীকে ঘুমন্ত অবস্থায় সুন্দর দেখায় সেই প্রকৃত রূপবতী।”@,HUMAYUN AHMED
“তরুণী মেয়েদের হঠাৎ আসা আবেগ হঠাৎ চলে যায়। আবেগকে বাতাস না দিলেই হলো।আবেগ বায়বীয় ব্যাপার, বাতাস পেলেই তা বাড়ে। অন্য কিছুতে বাড়ে না|”@,HUMAYUN AHMED
“ভদ্র ছেলেদের জন্য মেয়েদের মনে কখনও প্রেম জাগে না। যা জাগে সেটা হল সহানুভূতি |”@,HUMAYUN AHMED
“রূপবতী নারীদের অনুরোধ প্রত্যাখ্যান করতে নেই । প্রত্যাখ্যান করলে অভিশাপ লাগে। রূপের অভিশাপ । রূপ তখন ধরা দেয় না । রূপের অভিশাপে পরা ভয়াবহ ব্যাপার।”@,HUMAYUN AHMED
“মেয়েদের তৃতীয় নয়ন থাকে। এই নয়নে সে প্রেমে পড়া বিষয়টি চট করে বুঝে ফেলে।”@,HUMAYUN AHMED
“অতিরিক্ত রূপবতীরা বোকা হয়, এটা জগতের স্বঃতসিদ্ধ নিয়ম।”@,HUMAYUN AHMED
“ভালোবাসা একটা পাখি। যখন খাঁচায় থাকে তখন মানুষ তাকে মুক্ত করে দিতে চায়। আর যখন খোলা আকাশে তাকে ডানা ঝাপটাতে দেখে তখন খাঁচায় বন্দী করতে চায়।”@,HUMAYUN AHMED
“গভীর প্রেম মানুষকে পুতুল বানিয় দেয়। প্রেমিক প্রেমিকার হাতের পুতুল হন কিংবা প্রেমিকা হয় প্রেমিকের পুতুল। দুজন এক সঙ্গে কখনো পুতুল হয় না। কে পুতুল হবে আর কে হবে সূত্রধর তা নির্ভর করে মানসিক ক্ষমতার উপর। মানসিক ক্ষমতা যার বেশী তার হাতেই পুতুলের সুতা।”@,HUMAYUN AHMED
“ভালোবাসার মাঝে হালকা ভয় থাকলে, সেই ভালোবাসা মধূর হয়।কেননা, হারানোর ভয়ে প্রিয়য়জনের প্রতি ভালোবাসা আরো বেড়ে যায়।”@,HUMAYUN AHMED
“পৃথিবীতে আসার সময় প্রতিটি মানুষই একটি করে আলাদিনের প্রদীপ নিয়ে আসে…কিন্তু খুব কম মানুষই সেই প্রদীপ থেকে ঘুমন্ত দৈত্যকে জাগাতে পারে।”@,HUMAYUN AHMED
“যে সব মানুষের নাক সেনসেটিভ হয় তাদের কান কম সেনসেটিভ হয়। প্রকৃতি একটা বেশী দিলে অন্যটা কমিয়ে দেয়।”@,HUMAYUN AHMED
“যে মানব সন্তান ক্ষুদ্র কামনা জয় করতে পারে সে বৃহৎ কামনাও জয় করতে পারে।”@,HUMAYUN AHMED
“বিপদ যখন আসে একটার পর একটা আসে। বিপদরা পাঁচ ভাইবোন। এদের মধ্যে খুব মিল। এই ভাইবোনরা কখনো একা কারো কাছে যায় না। প্রথম একজন যায়, তারপর তার অন্য ভাইবোনরা উপস্থিত হয়।”@,HUMAYUN AHMED
“বিরক্তিকর কোনো মানুষ ফ্রড হতে পারে না । পৃথিবী তে ফ্রড মাত্রই ইন্টারেস্টিং ক্যারেক্টার হয়।”@,HUMAYUN AHMED
“এই পৃথিবীতে কিছু কিছু মানুষ আছে যাদের কখনো অপরিচিত মনে হয় না”@,HUMAYUN AHMED
“এই পৃথিবীতে কিছু কিছু মানুষ আছে যাদের কখনো অপরিচিত মনে হয় না”@,HUMAYUN AHMED
“মিথ্যা বলা মানে আত্মার ক্ষয়। জন্মের সময় মানুষ বিশাল এক আত্মা নিয়ে পৃথিবীতে আসে। মিথ্যা বলতে যখন শুরু করে তখন আত্মার ক্ষয় হতে থাকে। বৃদ্ধ বয়সে দেখা যায়, আত্মার পুরোটাই ক্ষয় হয়ে গেছে।”@,HUMAYUN AHMED
“এই পৃথিবীতে চোখের জলের মতো পবিত্রতো আর কিছু নেই । এই পবিত্র জলের স্পর্শে সব গ্লানি- সব মালিন্য কেটে যায়।”@,HUMAYUN AHMED
“যার ওপর মায়া পড়েছে তার সঙ্গে শুধু কথা বলতে ইচ্ছে করে। এই ইচ্ছেটিই বিপজ্জনক। কথা বলা মানেই মায়া বাড়ানো।”@,HUMAYUN AHMED
“সব পুরুষের ভেতরে শয়তান থাকে। ছোট শয়তান, মাঝারি শয়তান, বড় শয়তান। চেহারা দেখে কিছু বোঝার উপায় নেই। যে যতো বড় শয়তান তার চেহারা ততটাই ভাজা মাছ উল্টে খেতে পারি না টাইপ।”@,HUMAYUN AHMED
“আবেগ প্রবণ মানুষ খুব বোকা হয়ে থাকে। তারা খুব সহজেই মানুষকে বিশ্বাস করে ফেলে। তাই তারা প্রতারিত হয় বেশি, কষ্টও পায় বেশি।”@,HUMAYUN AHMED
“মানুষ নিজেকে লুকিয়ে রাখতে পছন্দ করে। সে চায় অন্যরা তাকে খুঁজে বের করুক।”@,HUMAYUN AHMED
“নামে কিছু আসে যায় না। আসে যায় কর্মে। যিশুখ্রিষ্টকে বিশুব্রিষ্ট ডাকলেও তাঁর যিশুত্ব কিছুমাত্র কমবে না।”@,HUMAYUN AHMED
“হারিয়ে যাওয়া মানুষ ফিরে আসলে সে আর আগের মত থাকে না। কেমন জানি অচেনা অজানা হয়ে যায় । সবই হয়তো ঠিক থাকে কিন্তু কি যেন নাই, কি যেন নাই।”@,HUMAYUN AHMED
“তুমি দশটি সত্য এর মাঝে একটি মিথ্যা মিশিয়ে দাও, সেই মিথ্যাটিও সত্য হয়ে যাবে কিন্তু তুমি দশটি মিথ্যার মাঝে একটি সত্য মিশাও, সত্য সত্যই থেকে যাবে আর মিথ্যা হবে না। সত্য আসলেই সুন্দর।”@,HUMAYUN AHMED
“আয়না দেখলে আয়নার সামনে দাড়াতে ইচ্ছা করে । খুবই ক্ষুদ্র ইচ্ছা এবং নির্দোষ ইচ্ছা । তবু অতি ক্ষুদ্র ইচ্ছাকে প্রশ্রয় দিতে নেই। একবার প্রশ্রয় দিলে সব ইচ্ছাকে প্রশ্রয় দিতে মন চাইবে।” @,HUMAYUN AHMED
“অনেক কিছুই বই পড়ে শেখা যায় না। যে কোনোদিন মিষ্টি খায় নাই, সে কি কোনো বই পড়ে বুঝতে পারবে মিষ্টির স্বাদ কী ! যে কোনোদিন লাল রঙ দেখে নাই, বই পড়ে সে কি বুঝবে লাল রঙ কী?”@,HUMAYUN AHMED
“সাহসী মানে সবসময় গর্জে উঠা নয়। অনেক সময় সাহসী তারাই যারা দিন শেষে শান্ত গলায় বলে আমি আবার কালকে চেষ্টা করবো।”@,HUMAYUN AHMED
“সেই বেশী হাসে, যে গোপনে কাঁদে । সেই বেশী নিজেকে হ্যাপি দেখায়, যে নিরবে একা থাকে। সেই বলে সুখের কোন অভাব নেই, যার জীবনে কষ্ট ছাড়া আর কিছু নাই।”@,HUMAYUN AHMED
“পৃথিবীতে ফিনিক ফোটা জোছনা আসবে। শ্রাবন মাসে টিনের চালে বৃষ্টির সেতার বাজবে। সেই অলৌকিক সঙ্গীত শোনার জন্য আমি থাকব না।”@,HUMAYUN AHMED
“পৃথিবীতে অসংখ্য খারাপ মানুষ আছে, কিন্তু একজনও খারাপ বাবা নেই।”@,HUMAYUN AHMED
“হাসিতে খুব সহজেই মানুষকে চেনা যায় । সব মানুষ একই ভঙ্গিতে কাঁদে কিন্তু হাসার সময় একেক জন একেক রকম করে হাসে।”@,HUMAYUN AHMED
“বিবাহ এবং মৃত্যু এই দুই বিশেষ দিনে লতা-পাতা আত্মীয়দের দেখা যায়। সামাজিক মেলামেশা হয়। আন্তরিক আলাপ আলোচনা হয়।”@,HUMAYUN AHMED
“কল্পনা শক্তি আছে বলেই সে মিথ্যা বলতে পারে । যে মানুষ মিথ্যা বলতে পারে না, সে সৃষ্টিশীল মানুষ না, রোবট টাইপ মানুষ।”@,HUMAYUN AHMED
একটি স্থাপত্যকর্ম সম্পর্কেই আমার কোনো আপত্তি নেই, তার কোনো সংস্কারও আমি অনুমোদন করি না। স্থাপত্যকর্মটি হচ্ছে নারীদেহ।@,HUMAYUN AZAD
মানুষ সিংহের প্রশংসা করে, কিন্তু আসলে গাধাকেই পছন্দ করে@,HUMAYUN AZAD
আগে কারো সাথে পরিচয় হ’লে জানতে ইচ্ছে হতো সে কী পাশ? এখন কারো সাথে দেখা হ’লে জানতে ইচ্ছে হয় সে কী ফেল?@,HUMAYUN AZAD
আজকাল আমার সাথে কেউ একমত হ'লে নিজের সম্বন্ধে গভীর সন্দেহ জাগে মনে হয় আমি সম্ভবত সত্যভ্রষ্ট হয়েছি, বা নিম্নমাঝারি হয়ে গেছি@,HUMAYUN AZAD
আগে কাননবালারা আসতো পতিতালয় থেকে, এখন আসে বিশ্ববিদ্যালয় থেকে@,HUMAYUN AZAD
শৃঙ্খলপ্রিয় সিংহের থেকে স্বাধীন গাধা উত্তম@,HUMAYUN AZAD
পা, বাঙলাদেশে, মাথার থেকে অনেক বেশি গুরুত্বপূর্ণ। পদোন্নতির জন্যে এখানে সবাই ব্যগ্র। কিন্তু মাথার যে অবনতি ঘটছে, তাতে কারো কোনো উদ্বেগ নেই@,HUMAYUN AZAD
জন্মান্তরবাদ ভারতীয় উপমহাদেশের অবধারিত দর্শন। এ অঞ্চলে এক জন্মে পরীক্ষা দিতে হয়, আরেক জন্মে ফল বেরোয়, দু-জন্ম বেকার থাকতে হয়, এবং ভাগ্য প্রসন্ন হ’লে কোন এক জন্মে চাকুরি মিলতেও পারে@,HUMAYUN AZAD
পৌরানিক পুরুষেরা সামান্য অভিজ্ঞতা ভিত্তি ক‘রে অসামান্য সব সিদ্ধান্ত নিতেন। যযাতি পুত্রের কাছে থেকে যৌবন ধার ক’রে মাত্র এক সহস্র বছর সম্ভোগের পর সিদ্ধান্তে পৌছেন যে সম্ভোগে কখনো তৃপ্তি আসে না! এতো বড়ো একটি সিদ্ধান্তের জন্যে সহস্র বছর খুবই কম সময় : আজকাল কেউ এতো কম অভিজ্ঞতায় এতো বড়ো একটি সিদ্ধান্ত নেয়ার সাহস করবে না@,HUMAYUN AZAD
বাঙালি একশো ভাগ সৎ হবে, এমন আশা করা অন্যায়। পঞ্চাশ ভাগ সৎ হ’লেই বাঙালিকে পুরস্কার দেয়া উচিত@,HUMAYUN AZAD
নিন্দুকেরা পুরোপুরি অসৎ হ’তে পারেন না, কিছুটা সততা তাঁদের পেশার জন্যে অপরিহার্য; কিন্তু প্রশংসাকারীদের পেশার জন্য মিথ্যাচারই যথেষ্ট@,HUMAYUN AZAD
কোন বাঙালি আজ পর্যন্ত আত্মজীবনী লেখে নি, কেননা আত্মজীবনী লেখার জন্যে দরকার সততা। বাঙালির আত্মজীবনী হচ্ছে শয়তানের লেখা ফেরেশতার আত্মজীবনী@,HUMAYUN AZAD
আমার প্রতিভাকে প্রসংশা করলেও ওই পুজিঁপতি গাধাটাকেই আসলে পছন্দ করো তুমি@,HUMAYUN AZAD
কারো প্রতি শ্রদ্ধা অটুট রাখার উপায় হচ্ছে তার সাথে কখনো সাক্ষাৎ না করা@,HUMAYUN AZAD
বাঁশিওলা তুমি একবার এসেছিলে হ্যামিলনে, এ-সংবাদ জানে সবে পৃথিবীতে- পেরু থেকে চীনে জানি তুমি বেদনাকাতর, তবু আর একবার এসো, এ-শহরে, করো আমাদের উজ্জ্বল উদ্ধার।@,HUMAYUN AZAD
অধ্যাপক, দাঁত নেই—চোখে তার অক্ষম পিঁচুটি; বেতন হাজার টাকা মাসে—আর হাজার দেড়েক পাওয়া যায় মৃত সব কবিদের মাংস কৃমি খুঁটি; যদিও সে সব কবি ক্ষুধা প্রেম আগুনের সেঁক চেয়েছিলো—হাঙরের ঢেউয়ে খেয়েছিলো লুটোপুটি@,JIBONANONDO DAS
আমি অতো তাড়াতাড়ি কোথাও যেতে চাই না; আমার জীবন যা চায় সেখানে হেঁটে হেঁটে পৌঁছুবার সময় আছে, পৌঁছে অনেকক্ষণ বসে অপেক্ষা করবার অবসর আছে@,JIBONANONDO DAS
জীবনের বিবিধ অত্যাশ্চর্য সফলতার উত্তেজনা অন্য সবাই বহন করে করুক; আমি প্রয়োজন বোধ করি না : আমি এক গভীরভাবে অচল মানুষ হয়তো এই নবীন শতাব্দীতে নক্ষত্রের নিচে@,JIBONANONDO DAS
“একরাত—একদিন করেছি মৃত্যুরে অবহেলা ।একদিন—একরাত;—তারপর প্রেম গেছে চ’লে,সবাই চলিয়া যায়, —সকলের যেতে হয় ব’লে”@,JIBONANONDO DAS
“কী কথা তাহার সাথে? – তার সাথে! আকাশের আড়ালে আকাশে ,মৃত্তিকার মতো তুমি আজ, তার প্রেম ঘাস হয়ে আসে।”@,JIBONANONDO DAS
“চুল তার কবেকার অন্ধকার বিদিশার নিশা, মুখ তার শ্রাবস্তীর কারুকার্য; অতিদূর সমুদ্রের’পর ,হাল ভেঙে যে নাবিক হারায়েছে দিশা”@,JIBONANONDO DAS
“আমরা বুঝেছি যারা বহু দিন মাস ঋতু শেষ হলে পর, পৃথিবীর সেই কন্যা কাছে এসে অন্ধকারে নদীদের কথা, কয়ে গেছে আমরা বুঝেছি যারা পথ ঘাট মাঠের ভিতর, আরো এক আলো আছে: দেহে তার বিকাল বেলার ধুসর; পৃথিবীর কঙ্কাবতী ভেসে গিয়ে সেইখানে পায় ম্লান ধূপের শরীর” – জীবনানন্দ দাশ@,JIBONANONDO DAS
“তবু তোমাকে ভালোবেসে, মুহূর্তের মধ্যে ফিরে এসে, বুঝেছি অকূলে জেগে রয়, ঘড়ির সময়ে আর মহাকালে, যেখানেই রাখি এ হৃদয়” @,JIBONANONDO DAS
“আমরা বুঝেছি যারা বহু দিন মাস ঋতু শেষ হলে পর, পৃথিবীর সেই কন্যা কাছে এসে অন্ধকারে নদীদের কথা, কয়ে গেছে আমরা বুঝেছি যারা পথ ঘাট মাঠের ভিতর, আরো এক আলো আছে: দেহে তার বিকাল বেলার ধুসর; পৃথিবীর কঙ্কাবতী ভেসে গিয়ে সেইখানে পায় ম্লান ধূপের শরীর” @,JIBONANONDO DAS
“মিনারের মতো মেঘ সোনালি চিলেরে তার জানালায় ডাকে, বেতের লতার নিচে চড়য়ের ডিম যেন শক্ত হয়ে আছে, নমর জলের গন্ধ দিয়ে নদী বারবার তীরটিরে মাখে, বৈশাখের প্রান্তরের সবুজ বাতাসে; নীলাভ নোনার বুকে ঘর রস গাঢ় আকাঙক্ষায় নেমে আসে” @,JIBONANONDO DAS
“তবু তোমাকে ভালোবেসে ,মুহূর্তের মধ্যে ফিরে এসে,বুঝেছি অকূলে জেগে রয়,ঘড়ির সময়ে আর,মহাকালে যেখানেই রাখি এ হৃদয়”@,JIBONANONDO DAS
“দেখেছি সবুজ পাতা অঘ্রানের অন্ধকারে হয়েছে হলুদ,হিজলের জানালায় আলো আর বুলবুলি, করিয়াছে খেলা,ইঁদুর শীতের রাতে রেশমের মতো রোমে মাখিয়াছে খুদ,চালের ধূসর গন্ধে তরঙ্গেরা রূপ হয়ে ঝরেছে দু — বেলা নির্জন মাছের চোখে — পুকুরের পাড়ে হাঁস সন্ধ্যার আঁধারে পেয়েছে ঘুমের ঘ্রাণ — মেয়েলি হাতের স্পর্শ লয়ে গেছে তারে” @,JIBONANONDO DAS
“আমরা বুঝেছি যারা বহু দিন মাস ঋতু শেষ হলে পর ,পৃথিবীর সেই কন্যা কাছে এসে অন্ধকারে নদীদের কথা, কয়ে গেছে আমরা বুঝেছি যারা পথ ঘাট মাঠের ভিতর, আরো ,এক আলো আছে: দেহে তার বিকাল বেলার ধুসরতা: চোখের — দেখার হাত ছেড়ে দিয়ে সেই আলো হয়ে আছে স্থির; পৃথিবীর কঙ্কাবতী ভেসে গিয়ে সেইখানে পায় ম্লান ধূপের শরীর” @,JIBONANONDO DAS
“জীবনের বিবিধ অত্যাশ্চর্য সফলতার উত্তেজনা, অন্য সবাই বহন করে করুক; আমি প্রয়োজন বোধ করি না : আমি এক গভীরভাবে অচল মানুষ ,হয়তো এই নবীন শতাব্দীতেনক্ষত্রের নিচে” @,JIBONANONDO DAS
“মিনারের মতো মেঘ সোনালি চিলেরে তার জানালায় ডাকে, বেতের লতার নিচে চড়য়ের ডিম যেন শক্ত হয়ে আছে, নমর জলের গন্ধ দিয়ে নদী বারবার তীরটিরে মাখে, খড়ের চালের ছায়া গাঢ় রাতে জোছনার উঠানে পড়িয়াছে;বাতাসে ঝিঁঝির গন্ধ — বৈশাখের প্রান্তরের সবুজ বাতাসে; নীলাভ নোনার বুকে ঘর রস গাঢ় আকাঙক্ষায় নেমে আসে”@,JIBONANONDO DAS
“মিথ্যা শুনিনি ভাই, এই হৃদয়ের চেয়ে বড় কোনো মন্দীর-কাবা নাই।”@,KAZI NAZRUL ISLAM
“গগনে কৃষ্ণ মেঘ দোলে – কিশোর কৃষ্ণ দোলে বৃন্দাবনে থির সৌদামিনী রাধিকা দোলে নবীন ঘনশ্যাম সনে; দোলে রাধা শ্যাম ঝুলন-দোলায় দোলে আজি শাওনে ”@,KAZI NAZRUL ISLAM
“ ছবি আমার বুকে বেধে, পাগল হয়ে কেঁদে কেঁদে,ফিরবে মরু কানন গিরি, সাগর আকাশ বাতাশ চিরি ,সেদিন আমায় খুজবে বুঝবে সেদিন বুঝবে।”@,KAZI NAZRUL ISLAM
“আসবে ঝড়ি, নাচবে তুফান টুটবে সকল বন্ধন কাপবে কুটির সেদিন ত্রাসে, জাগবে বুকেক্রন্দন টুটবে যবে বন্ধন, পড়বে মনে নেই সে সাথে বাধতে বুকে দুঃখ রাতে- আপনি গালে যাচবে চুমা চাইবে আদর মাগবে ছোওয়া আপনি যেচে চুমবে বুঝবে সেদিন বুঝবে।”@,KAZI NAZRUL ISLAM
“সে দেশে যবে বাদল ঝরে কাঁদে না কি প্রাণ একেলা ঘরে, বিরহ ব্যথা নাহি কি সেথা বাজে না বাঁশি নদীর তীরে।”@,KAZI NAZRUL ISLAM
“তোমার সখার আসবে যেদিন এমনি কারা বন্ধ আমার মত কেদে কেদে হয়তো হবে অন্ধ সখার কারা বন্ধ, বন্ধু তোমার হানবে হেলা ভাঙ্গবে তোমার সুখের খেলা দীর্ঘ লো কাটবে না আর বইতে প্রাণ শ্রান্ত এ ভার সরন মনে যুঝবে বুঝবে সেদিন বুঝবে।”@,KAZI NAZRUL ISLAM
“কামনা আর প্রেম দুটি হচ্ছে সম্পুর্ণ আলাদা। কামনা একটা প্রবল সাময়িক উত্তেজনা মাত্র আর প্রেম হচ্ছে ধীর প্রশান্ত ও চিরন্তন।”@,KAZI NAZRUL ISLAM
“অভাবের দিনে প্রিয় অতিথি আসার মত পীড়াদায়ক বুঝি আর কিছু নেই! শুধু হৃদয় দিয়ে দেবতার পূজা হয়তো করা যায়, কিন্তু শুধু-হাতে অতিথিকে বরণ করা চলে না।”@,KAZI NAZRUL ISLAM
“অভাবের দিনে প্রিয় অতিথি আসার মত পীড়াদায়ক বুঝি আর কিছু নেই! শুধু হৃদয় দিয়ে দেবতার পূজা হয়তো করা যায়, কিন্তু শুধু-হাতে অতিথিকে বরণ করা চলে না।”@,KAZI NAZRUL ISLAM
“সত্য যদি লক্ষ্য হয়, সুন্দর ও মঙ্গলের সৃষ্টি সাধনা ব্রত হয়, তবে তাহার লেখা সম্মান লাভ করিবেই করিবে।”@,KAZI NAZRUL ISLAM
“বাহিরের স্বাধীনতা গিয়াছে বলিয়া অন্তরের স্বাধীনতাকেও আমরা যেন বিসর্জন না দিই।”@,KAZI NAZRUL ISLAM
রাখাল বলিয়া কারে করো হেলা, ও-হেলা কাহারে বাজে! হয়তো গোপনে ব্রজের গোপাল এসেছে রাখাল সাজে !@,KAZI NAZRUL ISLAM
“পশুর মতো সংখ্যাগরিষ্ঠ হয়ে আমাদের লাভ কী, যদি আমাদের গৌরব করার মতো কিছু না-ই থাকে”@,KAZI NAZRUL ISLAM
“অসতী মাতার পুত্র সে যদি জারজ-পুত্র হয়, অসৎ পিতার সন্তানও তবে জারজ সুনিশ্চয় !”@,KAZI NAZRUL ISLAM
“ও কারা কোরাণ বেদ বাইবেল চুম্বিছে মরি মরি ও মুখ হইতে কেতাব গ্রন্থ নাও জোর করে কেড়ে যাহারা আনিল গ্রন্থ-কেতাব সেই মানুষেরে মেরে পুজিছে গ্রন্থ ভন্ডের দল! মুর্খরা সব শোন মানুষ এনেছে গ্রন্থ; গ্রন্থ আনেনি মানুষ কোনও। ”@,KAZI NAZRUL ISLAM
“ আপন পাপের বাটখারা দিয়ে অন্যের পাপ মাপি জবাবদিহির কেন এত ঘটা যদি দেবতাই হও ,টুপি পড়ে টিকি রেখে সদা বলো যেন তুমি পাপী নও ,পাপী নও যদি কেন এ ভড়ং ট্রেডমার্কার ধুম পুলিশি পোশাক পরিয়া হয়েছ পাপের আসামী গুম। ”@,KAZI NAZRUL ISLAM
“অন্ধের মতো কিছু না বুঝিয়া, না শুনিয়া, ভেড়ার মতো পেছন ধরিয়া চলিও না । নিজের বুদ্ধি, নিজের কার্যশক্তিকে জাগাইয়া তোলে ।”@,KAZI NAZRUL ISLAM
“বহু যুবককে দেখিয়াছি যাহাদের যৌবনের উর্দির নিচে বার্ধ্যকের কাঙ্গাল মূর্তি।”@,KAZI NAZRUL ISLAM
“আমি এই দেশে, এই সমাজে জন্মেছি বলেই শুধু এই দেশের, এই সমাজেরই নই, আমি সকল দেশের সকল মানুষের।”@,KAZI NAZRUL ISLAM
“আমায় অভিনন্দিত আপনারা সেই দিনই করেছেন যেদিন আমার লেখা আপনাদের ভালো লেগেছে।”@,KAZI NAZRUL ISLAM
“আসে বসন্ত ফুল বনে সাজে বনভূমি সুন্দরী; চরণে পায়েলা রুমুঝুমু মধুপ উঠিছে গুঞ্জরি ”@,KAZI NAZRUL ISLAM
“চাঁদ হেরিছে চাঁদমুখ তার সরসীর আরশিতে , ছোটে তরঙ্গ বাসনা ভঙ্গ সে অঙ্গ পরশিতে। ”@,KAZI NAZRUL ISLAM
“ফোটে যে ফুল আঁধার রাতে ঝরে ধুলায় ভোর বেলাতে আমায় তারা ডাকে সাথী আয়রে আয় সজল করুণ নয়ন তোলো দাও বিদায়। ”@,KAZI NAZRUL ISLAM
“সত্য যদি লক্ষ্য হয়, সুন্দর ও মঙ্গলের সৃষ্টি সাধনা ব্রত হয়, তবে তাহার লেখা সম্মান লাভ করিবেই করিবে।”@,KAZI NAZRUL ISLAM
“বাহিরের স্বাধীনতা গিয়াছে বলিয়া অন্তরের স্বাধীনতাকেও আমরা যেন বিসর্জন না দিই।”@,KAZI NAZRUL ISLAM
“তিনিই আর্টিস্ট, যিনি আর্ট ফুটাইয়া তুলিতে পারেন । আর্টের অর্থ সত্য প্রকাশ এবং সত্য মানেই সুন্দর; সত্য চিরমঙ্গলময়।”@,KAZI NAZRUL ISLAM
“অনেক সময় খুব বেশি বিনয় দেখাতে গিয়ে নিজের সত্যেকে অস্বীকার করে ফেলা হয় । তাতে মানুষকে ক্রমেই ছোট করে ফেলে, মাথা নিচু করে আনে ও রকম মেয়েলি বিনয়ের চেয়ে অহংকারের পৌরুষ অনেক ভালো।”@,KAZI NAZRUL ISLAM
“ মসজিদেরই পাশে আমার কবর দিও ভাই যেন গোরে থেকেও মোয়াজ্জিনের আজান শুনতে পাই। ” “পুঁথির বিধান যাক পুড়ে তোর বিধির বিধান সত্য হোক।”@,KAZI NAZRUL ISLAM
“খেলিছ এ বিশ্ব লয়ে বিরাট শিশু আনমনে। প্রলয় সৃষ্টি তব পুতুল খেলা নিরজনে প্রভু নিরজনে।। ”@,KAZI NAZRUL ISLAM
“খোদার কি আশ্চর্য মহিমা । রাজা–যার অত ধন মালামাত্তা, অত প্রতাপ, সেও মরে মাটি হয় । আর যে ভিখারি খেতে না পেয়ে তালপাতার কুঁড়েতে কুঁকড়ে মরে পড়ে থাকে, সেও মাটি হয়।”@,KAZI NAZRUL ISLAM
“বিশ্বে যা-কিছু মহান সৃষ্টি চির-কল্যাণকর ,অর্ধেক তার করিয়াছে নারী, অর্ধেক তার নর। বিশ্বে যা-কিছু এল পাপ-তাপ বেদনা অশ্রুবারি অর্ধেক তার আনিয়াছে নর, অর্ধেক তার নারী।@,KAZI NAZRUL ISLAM
“কান্না হাসির খেলার মোহে অনেক আমার কাটল বেলা কখন তুমি ডাক দেবে মা, কখন আমি ভাঙব খেলা ?”@,KAZI NAZRUL ISLAM
“আপনারে আজ প্রকাশের তব নাই সেই ব্যাকুলতা আজ তুমি ভীরু আড়ালে থাকিয়া নেপথ্যে কও কথা! চোখে চোখে আজ চাহিতে পার না; হাতে রুলি, পায়ে মল, মাথায় ঘোমটা, ছিঁড়ে ফেল নারী, ভেঙে ফেল ও শিকল! যে-ঘোমটা তোমায় করিয়াছে ভীরু ওড়াও সে আবরণ! দূর করে দাও দাসীর চিহ্ন ঐ যতো আবরণ।”@,KAZI NAZRUL ISLAM
“প্রিয় রূপ ধরে এতদিনে এলে আমার কবিতা তুমি, আঁখির পলকে মরুভূমি যেনো হয়ে গেলো বনভূমি।”@,KAZI NAZRUL ISLAM
“তোমার মমতা-মানিক আলোকে চিনিনু … মাতা তুমি লাঞ্ছিতা বিশ্ব-জননী। তোমার আঁচল পাতা নিখিল দুঃখী-নিপীড়িত তবে, বিষ শুধু তোমা দহে যথা তব মাগো পীড়িত নিখিল ধরণীর ভার বহে।’@,KAZI NAZRUL ISLAM
“ভগবান! তুমি চাহিতে পার কি ঐ দুটি নারীর পানে? জানি না, তোমায় বাঁচাবে কে যদি ওরা অভিশাপ হানে!”@,KAZI NAZRUL ISLAM
“ নৌকো তোমার ডুবে যাবে নাকো, মোরা বেশি ভারি নই, কিচ্ছু জিনিস নেবো না সঙ্গে কেবল ঝন্টু বই। চমকালে কেন! ঝন্টু পুতুল, ঝন্টু মানুষ নয়,একা ফেলে গেলে, ছোকানুরে ভেবে কাঁদিবে নিশ্চয় ”@,BUDDHADEB BASU
“ সন্ধ্যার বুকে তারা ফুটে ওঠে- এবার নামাও পাল গান ধরো, মাঝি; জলের শব্দ ঝুপঝুপ দেবে তাল। ছোকানুর চোখ ঘুমে ঢুলে আসে- আমি ঠিক জেগে আছি, গান গাওয়া হ’লে আমায় অনেক গল্প বলবে, মাঝি? ”@,BUDDHADEB BASU
“ সন্ধ্যার বুকে তারা ফুটে ওঠে- এবার নামাও পাল গান ধরো, মাঝি; জলের শব্দ ঝুপঝুপ দেবে তাল। ছোকানুর চোখ ঘুমে ঢুলে আসে- আমি ঠিক জেগে আছি, গান গাওয়া হ’লে আমায় অনেক গল্প বলবে, মাঝি? ”@,BUDDHADEB BASU
“ চুপি-চুপি বলি, ঘুমিয়ে আছে মা, দিদি গেছে ইস্কুলে, এই ফাঁকে মোরে-আর ছোকানুরে- নৌকোয়া লও তুলে। কোন ভয় নেই – বাবার বকুনি তোমাকে হবে না খেতে যত দোষ সব, আমার- না, আমি একা ল’ব মাথা পেতে ”@,BUDDHADEB BASU
“ অনেক রঙের পাল আছে, মাঝি? বাদামী? সোনালী? লাল? সবুজও? তা হলে সেটা দাও আজ, সোনালীটা দিয়ো কাল। সবগুলো নদী দেখাবে কিন্তু। আগে চলো পদ্মায়, দুপুরের রোদে রূপো ঝলমল সাদা জল উছলায় ”@,BUDDHADEB BASU
“ দিদি মোরে ডাকে গোবিন্দচাঁদ, মা ডাকে চাঁদের আলো, মাথা খাও, মাঝি, কথা রাখো! তুমি লক্ষী, মিষ্টি, ভালো! বাবা বলেছেন, বড় হয়ে আমি হব বাঙলার লাট,তখন তোমাকে দিয়ে দেব মোর ছেলেবেলাকার খাট ”@,BUDDHADEB BASU
“ শুনতে-শুনতে আমিও ঘুমাই বিছানা বালিশ বিনা – মাঝি, তুমি দেখো ছোকানুরে, ভাই, ও বড়োই ভীতু কিনা আমার জন্য কিচ্ছু ভেবো না, আমিই তো বড়োই প্রায়, ঝড় এলে ডেকো আমারে- ছোকানু যেন সুখে ঘুম যায় ”@,BUDDHADEB BASU
“ কালো-কালো পাখি বাঁকা ঝাঁক বেঁধে উড়ে চলে যায় দূরে, উঁচু থেকে ওরা দেখিতে কি পায় মোরে আর ছোকানুরে? রূপোর নদীতে রূপোর ইলিশ- চোখ ঝলসানো আঁশ, ওখানে দ্যাখো না- জালে বেঁধে জেলে তুলিয়াছে একরাশ ”@,BUDDHADEB BASU
“ সন্ধ্যার বুকে তারা ফুটে ওঠে- এবার নামাও পাল গান ধরো, মাঝি; জলের শব্দ ঝুপঝুপ দেবে তাল। ছোকানুর চোখ ঘুমে ঢুলে আসে- আমি ঠিক জেগে আছি, গান গাওয়া হ’লে আমায় অনেক গল্প বলবে, মাঝি? ”@,BUDDHADEB BASU
“ ইলিশ কিনলে? আঃ, বেশ বে তুমি খুব ভালো, মাঝি উনুন ধরাও ছোকানু দেখাবে রান্নার কারসাজি। খাওয়া হ’লো শেষ- আবার চলেছি, দুলছে ছোট্ট নাও, হাল্কা নরম হাওয়ায় তোমার লাল পাল তুলে দাও ”@,BUDDHADEB BASU
“ নৌকা তোমার ঘাটে বাঁধা আছে- যাবে কি অনেক দূরে? পায়ে পড়ি, মাঝি, সাথে নিয়ে চলো মোরে আর ছোকানুরে আমারে চেনো না? মোর নাম খোকা, ছোকানু আমার বোন তোমার সঙ্গে বেড়াবো আমরা মেঘনা-পদ্মা-শোন ”@,BUDDHADEB BASU
“ কোথায় চলেছো? এদিকে এসো না! দুটো কথা শোনা দিকি এই নাও- এই চকচকে ছোটো, নুতন রূপোর সিকি ছোকানুর কাছে দুটো আনি আছে, তোমারে দেবো গো তা-ও@,BUDDHADEB BASU
 আমাদের যদি তোমার সঙ্গে নৌকায় তুলে নাও ”@,BUDDHADEB BASU
“ মেয়েরা প্রথমবার যার প্রেমে পড়ে তাকে ঘৃনা করলেও ভুলে যেতে পারে না। পরিষ্কার জল কাগজে পড়লে দেখবেন শুকিয়ে যাওয়ার পড়েও দাগ রেখে যায়। ”@,SAMARESH MAZUMDER
“ নিম্ন মধ্যবিত্ত বা মধ্যবিত্ত পরিবার থেকে আসা মেয়েগুলো তাদের সব রকম কনজারভেটিভ ধারনা বুকে পুষে রেখে এমন ভাবভঙ্গী করে যেন পৃথিবীর সব ছেলেই তাদের দিকে হামলে পড়ছে। ”@,SAMARESH MAZUMDER
“ পেতে হলে কিছু দিতে হয়। ত্যাগ করতে না চাইলে পাওয়ার আশা অর্থহীন। সুদিপ বলেছিল, বাঙ্গালী মল মুত্র এবং বীর্য ছাড়া কিছুই ত্যাগ করতে জানে না ”@,SAMARESH MAZUMDER
“ ছেলেরা ভালোবাসার অভিনয় করতে করতে যে কখন সত্যি সত্যি ভালবেসে ফেলে তারা তা নিজেও জানেনা। মেয়েরা সত্যিকার ভালবাসতে বাসতে যে কখন অভিনয় শুরু করে তারা তা নিজেও জানেনা। ”@,SAMARESH MAZUMDER
“ একটি একা মেয়ে ইচ্ছে করলেই বাজার যেতে পারে, ডাক্তার এর সঙ্গে দেখা করে ওষুধ আনতে পারে। কিন্তু এসব করণীয় কাজ কেউ আন্তরিকতার সাথে করে দিলে একধরনের আরাম হয় । মনের আরাম। ”@,SAMARESH MAZUMDER
“ মেয়েরা প্রথমবার যার প্রেমে পড়ে তাকে ঘৃনা করলেও ভুলে যেতে পারে না। পরিষ্কার জল কাগজে পড়লে দেখবেন শুকিয়ে যাওয়ার পড়েও দাগ রেখে যায়। ”@,SAMARESH MAZUMDER
“ পেতে হলে কিছু দিতে হয়। ত্যাগ করতে না চাইলে পাওয়ার আশা অর্থহীন। সুদিপ বলেছিল, বাঙ্গালী মল মুত্র এবং বীর্য ছাড়া কিছুই ত্যাগ করতে জানে না ”@,SAMARESH MAZUMDER
“ নিজের বোকামি বুঝতে পারার পর কারো দুঃখ হয়, কারো হাসি পায় ”@,SAMARESH MAZUMDER
“ পৃথিবীর নিয়ম বড় অদ্ভুদ, যাকে তুমি সবচেয়ে বেশী ভালবাস সেই তোমার দু:খের কারন হবে। ”@,SAMARESH MAZUMDER
“ বয়স্ক উপযুক্ত সন্তানকে বশ করা, জগতে এতবড় জয় আর নাই ”@,MANIK BANDOPADDHAY
“ কেহ বিশ্বাস করে, কেহ করে না। যে বিশ্বাস করে সেও সত্য-মিথ্যা যাচাই করে না, যে অবিশ্বাস করে সেও না। বিশ্বাস-অবিশ্বাসের প্রশ্নটা নির্ভর করে মানুষের খুশির উপর। ”@,MANIK BANDOPADDHAY
“ অন্ধকারে যে বাস করে মৃদু আলোতে তাহার চোখ ঝলসাইয়া যায় ”@,MANIK BANDOPADDHAY
“ কী ক্ষতি মুসলমানের রান্না খাইলে? ডাঙার গ্রামে যারা মাটি ছানিয়া জীবিকা অর্জন করে তাহাদের ধর্মের পার্থক্য থাকে, পদ্মানদীর মাঝিরা সকলে একধর্মী। ”@,MANIK BANDOPADDHAY
“ নদীর মত নিজের খুশিতে গড়া পথে কি মানুষের জীবনের স্রোত বহিতে পারে? মানুষের হাতে কাটা খালে তার গতি, এক অজানা শক্তির অনিবার্য ইঙ্গিতে। মাধ্যাকর্ষণের মত যা চিরন্তন অপরিবর্তনীয়। ”@,MANIK BANDOPADDHAY
“ মিথ্যারও মহত্ত্ব আছে। হাজার হাজার মানুষকে পাগল করিয়া দিতে পারে মিথ্যার মোহ। চিরকালের জন্যে সত্য হইয়াও থাকিতে পারে মিথ্যা। ”@,MANIK BANDOPADDHAY
“ নদীর মত নিজের খুশিতে গড়া পথে কি মানুষের জীবনের স্রোত বহিতে পারে? মানুষের হাতে কাটা খালে তার গতি, এক অজানা শক্তির অনিবার্য ইঙ্গিতে। মাধ্যাকর্ষণের মত যা চিরন্তন অপরিবর্তনীয়। ”@,MANIK BANDOPADDHAY
“ কেহ বিশ্বাস করে, কেহ করে না। যে বিশ্বাস করে সেও সত্য-মিথ্যা যাচাই করে না, যে অবিশ্বাস করে সেও না। বিশ্বাস-অবিশ্বাসের প্রশ্নটা নির্ভর করে মানুষের খুশির উপর। ”@,MANIK BANDOPADDHAY
“ ছেলে বড় হইলে কি কঠিন হইয়া দাঁড়ায় তার সঙ্গে মেশা। সে বন্ধু নয়, খাতক নয়, উপরওয়ালা নয়, কি যে সম্পর্ক দাঁড়ায় বয়স্ক ছেলের সঙ্গে মানুষের, ভগবান জানেন। ”@,MANIK BANDOPADDHAY
“ সব মানুষের মধ্যে একটি খোকা থাকে যে মনের কবিত্ব, মনের কল্পনা, মনের সৃষ্টিছাড়া অবাস্তবতা, মনের পাগলামিকে লইয়া সময়ে-অসময়ে এমনিভাবে খেলা করিতে ভালবাসে ”@,MANIK BANDOPADDHAY
“ আমি বৃষ্টিতে হাঁটি যাতে কেউ আমার অশ্রু দেখতে না পারে ”@,CHARLIE CHAPLIN
“ এই বিশ্বে স্থায়ী কিছুই না, এমনকি আমাদের সমস্যাগুলোও না ”@,CHARLIE CHAPLIN
“ আমার সব থেকে ভালো বন্ধু হল আয়না, কারন আমি যখন কাঁদি তখন সে হাঁসে না ”@,CHARLIE CHAPLIN
“নিচের দিকে তাকিয়ে থাকলে আপনি কখনো রংধনু খুঁজে পাবেন না।”@,CHARLIE CHAPLIN
“জীবন হতে পারে চমৎকার যদি আপনি একে ভয় না পান। এর জন্য প্রয়োজন সাহস, কল্পনাশক্তি আর অল্প কিছু টাকাকড়ি।”@,CHARLIE CHAPLIN
“জীবন বিস্ময়কর হতে পারে, যদি মানুষ আপনাকে একা ছেড়ে দেয়।”@,CHARLIE CHAPLIN
“হাসি ছাড়া একটি দিন মানে সেই দিনটা নষ্ট।”@,CHARLIE CHAPLIN
“শেষে সবকিছুই ঠাট্টা।”@,CHARLIE CHAPLIN
“এই বিশ্বে স্থায়ী কিছুই না, এমনকি আমাদের সমস্যাগুলোও না।”@,CHARLIE CHAPLIN
“আসুন অসম্ভবের জন্য সংগ্রাম করি। যেগুলোকে অসম্ভব মনে করা হতো সেগুলোকে জয় করার মধ্য দিয়েই ইতিহাসের বড় বড় অর্জনগুলো সম্ভব হয়েছে।”@,CHARLIE CHAPLIN
“সরলতা অর্জন করা কঠিন ব্যাপার।”@,CHARLIE CHAPLIN
“একটি সৃষ্টিশীল কাজের ভেতরে সত্যটা যত বেশী গভীর হবে, সেটা তত বেশী সময় টিকে থাকবে।”@,CHARLIE CHAPLIN
“আমি বৃষ্টিতে হাঁটি যাতে কেউ আমার অশ্রু দেখতে না পারে।”@,CHARLIE CHAPLIN
“আমার দুঃখ কষ্টগুলো কারো কারো হাসির কারণ হয়ে থাকতে পারে কিন্তু আমার হাসিগুলি যেন কখনই কারো দুঃখের কারণ হয়ে না দাঁড়ায়।”@,CHARLIE CHAPLIN
“ক্লোজ-আপে জীবন হচ্ছে ট্র্যাজিডি, কিন্তু লং শটে সেটা কমেডি।”@,CHARLIE CHAPLIN
“আমি শালীনতা ও উদারতার প্রত্যাবর্তন দেখতে চাই।”@,CHARLIE CHAPLIN
“আমি শুধু একজন মানুষ যে এই দেশে সত্যিকারের গণতন্ত্র দেখতে চায়। আমি মানুষের জন্যই, এটা দাবিয়ে রাখা আমার কম্ম নয়।”@,CHARLIE CHAPLIN
“আমরা চিন্তা করি বেশি, অনুভব করি কম ।”@,CHARLIE CHAPLIN
“আমরা প্রত্যেকেই একে অন্যকে সাহায্য করতে চাই, মানুষ এমনই হয়. আমরা বেঁচে থাকি অন্যদের আনন্দ দিয়ে, দুঃখ দিয়ে নয়।”@,CHARLIE CHAPLIN
“ পুরুষের বুদ্ধি খড়গের মতো; শান বেশি না দিলেও কেবল ভারেই অনেক কাজ করতে পারে। মেয়েদের বুদ্ধি কলম-কাটা ছুরির মতো; যতই ধার দাওনা কেনো, তাতে বৃহৎ কাজ চলে না। ”@,RABINDRANATH TAGORE
“ প্রেমের মধ্যে ভয় না থাকলে রস নিবিড় হয় না ”@,RABINDRANATH TAGORE
“ অসীম সে চাহে সীমার নিবিড় সঙ্গ সীমা হতে চায় অসীমের মাঝে হারা ”@,RABINDRANATH TAGORE
“ পৃথিবীতে বালিকার প্রথম প্রেমেরমত সর্বগ্রাসী প্রেম আর কিছুই নাই। প্রথমযৌবনে বালিকা যাকে ভালোবাসে তাহার মত সৌভাগ্যবানও আর কেহই নাই। যদিও সে প্রেম অধিকাংশ সময় অপ্রকাশিত থেকে যায়, কিন্তু সে প্রেমের আগুন সব বালিকাকে সারাজীবন পোড়ায়। ”@,RABINDRANATH TAGORE
“ সাহেব সাজা বাঙালিদের প্রতি পদে ভয়, পাছে তারা বাঙালি বলে ধরা পড়েন ”@,RABINDRANATH TAGORE
“ মন দিয়ে মন বোঝা যায়, গভীর বিশ্বাস শুধু নীরব প্রাণের কথা টেনে নিয়ে আসে। ”@,RABINDRANATH TAGORE
“ অক্ষমের লোভ আলাদিনের প্রদিপের গুজব শুনলেই লাফিয়া অঠে ”@,RABINDRANATH TAGORE
“ অনুগ্রহ দুঃখ করে, দিই, নাহি পাই। করুণা কহেন, আমি দিই, নাহি চাই। ”@,RABINDRANATH TAGORE
“ ভয়ের তাড়া খেলেই ধর্মের মূঢ়তার পিছনে মানুষ লুকাতে চেষ্টা করে ”@,RABINDRANATH TAGORE
“ যে ধর্মের নামে বিদ্বেষ সঞ্চিত করে, ঈশ্বরের অর্ঘ্য হতে সে হয় বঞ্চিত। ”@,RABINDRANATH TAGORE
“ হে কুমার, হাস্যমুখে তোমার ধনুকে দাও টান , ঝনন রনন, বক্ষের পঞ্জর ভেদি অন্তরেতে হউক কম্পিত সুতীব্র স্বনন। হে কিশোর, তুলে লও তোমার উদার জয়ভেরী, করহ আহ্বান। আমরা দাঁড়াব উঠি, আমরা ছুটিয়া বাহিরিব, অর্পিব পরান। ”@,RABINDRANATH TAGORE
“ ক্ষমাই যদি করতে না পারো, তবে তাকে ভালোবাসো কেন? ”@,RABINDRANATH TAGORE
“ মেয়েটির বিবাহের বয়স পার হইয়া গেছে , কিন্তু আর কিছুদিন গেলে সেটাকে ভদ্র বা অভদ্র কোনো রকমে চাপা দিবার সময়টাও পার হইয়া যাইবে । মেয়ের বয়স অবৈধ রকমে বাড়িয়া গেছে বটে , কিন্তু পণের টাকার আপেক্ষিক গুরুত্ব এখনো তাহার চেয়ে কিঞ্চিৎ উপরে আছে , সেইজন্যই তাড়া ”@,RABINDRANATH TAGORE
“ বীণাতন্ত্রে হানো হানো খরতর ঝংকারঝঞ্ঝনা, তোলো উচ্চসুর। হৃদয় নির্দয়ঘাতে ঝর্ঝরিয়া ঝরিয়া পড়ুক প্রবল প্রচুর। ধাও গান, প্রাণভরা ঝড়ের মতন ঊর্ধ্ববেগে অনন্ত আকাশে। উড়ে যাক, দূরে যাক বিবর্ণ বিশীর্ণ জীর্ণ পাতা বিপুল নিশ্বাসে। ”@,RABINDRANATH TAGORE
“ সংসারে সেরা লোকেরাই কুড়ে এবং বেকার লোকেরাই ধন্য। উভয়রে সম্মিলন হলেই মণি কাঞ্চন যোগ। এই কুঁড়ে বেকারে মিলনের জন্যইতো সন্ধ্যেবেলাটার সৃষ্টি হয়েছে।যোগীদরে জন্য সকালবেলা রোগীদের জন্য রাত্রি কাজের লোকদের জন্য দশটা-চারটে। ”@,RABINDRANATH TAGORE
“ যৌবনই ভোগের কাল বার্ধক্য স্মৃতিচারণের ”@,RABINDRANATH TAGORE
“ দীর্ঘ আয়ু দীর্ঘ অভিশাপ বিচ্ছেদের তাপ নাশে সেই বড়ো তাপ ”@,RABINDRANATH TAGORE
“ আমরা কথার অধীন, প্রধার অধীন অসংখ্য প্রবৃত্তির অধীন ”@,RABINDRANATH TAGORE
“ সময়ের সমুদ্রে আছি কিন্তু এক মুহুর্তে সময় নেই ”@,RABINDRANATH TAGORE
“ নবাঙ্কুর ইক্ষুবনে এখনো ঝরিছে বৃষ্টিধারা বিশ্রামবিহীন, মেঘের অন্তর-পথে অন্ধকার হতে অন্ধকারে চলে গেল দিন। শান্ত ঝড়ে, ঝিল্লিরবে, ধরণীর স্নিগ্ধ গন্ধোচ্ছ্বাসে, মুক্ত বাতায়নে, বৎসরের শেষ গান সাঙ্গ করি দিনু অঞ্জলিয়া নিশীথগগনে। ”@,RABINDRANATH TAGORE
“ হঠাৎ একদিন পূর্ণিমার রাত্রে জীবনে যখন জোয়ার আসে, তখন যে একটা বৃহৎ প্রতিজ্ঞা করিয়া বসে জীবনের সুদীর্ঘ ভাটার সময় সে প্রতিজ্ঞা রক্ষা করিতে তাহার সমস্ত প্রাণে টান পড়ে ”@,RABINDRANATH TAGORE
“ ফাগুন, হাওয়ায় হাওয়ায় করেছি যে দানঃ তোমার হাওয়ায় হাওয়ায় করেছি যে দানঃ আমার আপনহারা প্রাণ; আমার বাঁধন ছেঁড়া প্রাণ ”@,RABINDRANATH TAGORE
“ ধর্ম যারা সম্পূর্ণ উপলব্ধি না করিয়া প্রচার করিতে চেষ্টা করে তহারা ক্রমশই ধর্মকে জীবন হইতে দূরে ঠেলিয়া থাকে। ইহারা ধর্মকে বিশেষ গন্ডি আঁকিয়া একটা বিশেষ সীমানার মধ্যে আবদ্ধ করে। ”@,RABINDRANATH TAGORE
“ যৌবনের শেষে শুভ্র শৎরকালের ন্যায় একটি গভীর প্রশান্ত প্রগাঢ় সুন্দর বয়স আসে যখন জীবনের শেষে ফল ফলিবার এবং শস্য পাকিবার সময় ”@,RABINDRANATH TAGORE
“ ভালোবাসা কথাটা বিবাহ কথার ,চেয়ে আরো বেশি জ্যান্ত@,RABINDRANATH TAGORE
“ এরা সুখের লাগি চাহে প্রেম, প্রেম মেলে না, শুধু সুখ চলে যায় ”@,RABINDRANATH TAGORE
“ আমি তোমারি বিরহে রহিব বিলীন, তোমাতে করিব বাস– দীর্ঘ দিবস, দীর্ঘ রজনী, দীর্ঘ বরষ-মাস । যদি আর-কারে ভালোবাস, যদি আর ফিরে নাহি আস, তবে তুমি যাহা চাও তাই যেন পাও, আমি যত দুখ পাই গো ”@,RABINDRANATH TAGORE
“ স্বামীরা প্রেমিক হতে অবশ্যই রাজি, তবে সেটা নিজের স্ত্রীর সাথে নয়। নিজের স্ত্রীর প্রেমিক হবার বিষয়টা কেন যেন তারা ভাবতেই চায় না ”@,RABINDRANATH TAGORE
“ কখনো বা চাঁদের আলোতে কখনো বসন্তসমীরণে সেই ত্রিভুবনজয়ী, অপাররহস্যময়ী আনন্দ-মুরতিখানি জেগে ওঠে মনে ”@,RABINDRANATH TAGORE
“ অধিকার ছাড়িয়া দিয়া অধিকার ধরিয়া রাখার মত বিড়ম্বনা আর হয় না "@,RABINDRANATH TAGORE
“ মনুষ্যত্বের শিক্ষাটাই চরম শিক্ষা আর সমস্তই তার অধীন ”@,RABINDRANATH TAGORE
“ 'কত বড়ো আমি’ কহে নকল হীরাটি। তাই তো সন্দেহ করি নহ ঠিক খাঁটি। ”@,RABINDRANATH TAGORE
“ কেউ বা মরে কথা বলে, আবার কেউ বা মরে কথা না বলে ”@,RABINDRANATH TAGORE
“ অন্যায় যে করে আর অন্যায় যে সহে তবে ঘৃণা তারে যেস তৃণসম দহে ”@,RABINDRANATH TAGORE
“ কী পাইনি তারই হিসাব মেলাতে মন মোর নহে রাজি ”@,RABINDRANATH TAGORE
“ নারী দাসী বটে, কিন্তু সেই সঙ্গে নারী রাণীও বটে ”@,RABINDRANATH TAGORE
“ সংসারের কোন কাজেই যে হতভাগ্যের বুদ্ধি খেলে না, সে নিশ্চয়ই ভাল বই লিখিবে ”@,RABINDRANATH TAGORE
“ তোমারে প্রণমি আমি, হে ভীষণ, সুস্নিগ্ধ শ্যামল,অক্লান্ত অম্লান'।সদ্যোজাত মহাবীর, কী এনেছ করিয়া বহন কিছু নাহি জান। উড়েছে তোমার ধ্বজা মেঘরন্ধ্রচ্যুত তপনের জলদর্চিরেখা-- করজোড়ে চেয়ে আছি উর্ধ্বমুখে, পড়িতে জানি না কী তাহাতে লেখা। ”@,RABINDRANATH TAGORE
“ বাল বৃদ্ধ যুবা যেই হোক না অতিথি, গুরুজ্ঞান তার-ই সেবা গৃহস্থের রীতি ”@,CHANOKKA
“ মনের বাসনাকে দূরীভূত করা উচিত নয়। এই বাসনাগুলোকে গানের গুঞ্জনের মতো কাজে লাগানো উচিত। ”@,CHANOKKA
মন খাঁটি হলে পবিত্র স্থানে গমন অর্থহীন ”@,CHANOKKA
“ অন্তঃসার শূন্যদের উপদেশ দিয়ে কিছু ফল হয় না, মলয়-পর্বতের সংসর্গে বাঁশ চন্দনে পরিণত হয় না। ”@,CHANOKKA
“ অভ্যাসহীন বিদ্যা, অজীর্ণে ভোজন, দরিদ্রের সভায় কালক্ষেপ এবং বৃদ্ধের তরুণী ভার্যা বিষতুল্য ”@,CHANOKKA
“ আকাশে উড়ন্ত পাখির গতিও জানা যায়, কিন্তু প্রচ্ছন্নপ্রকৃতি-কর্মীর গতিবিধি জানা সম্ভব নয় ”@,CHANOKKA
“ আদর দেওয়ার অনেক দোষ, শাসন করার অনেক গুণ, তাই পুত্র ও শিষ্যকে শাসন করাই দরকার, আদর দেওয়া নয় ”@,CHANOKKA
“ আপদের নিশ্চিত পথ হল ইন্দ্রিয়গুলির অসংযম, তাদের জয় করা হল সম্পদের পথ, যার যেটি ঈপ্সিত সে সেই পথেই যায় ”@,CHANOKKA
“ ইন্দ্রিয়ের যে অধীন তার চতুরঙ্গ সেনা থাকলেও সে বিনষ্ট হয় ”@,CHANOKKA
“ উপায়জ্ঞ মানুষের কাছে দুঃসাধ্য কাজও সহজসাধ্য ”@,CHANOKKA
“ ঋণ, অগ্নি ও ব্যাধির শেষ রাখতে নেই, কারণ তারা আবার বেড়ে যেতে পারে ”@,CHANOKKA
“ একশত মূর্খ পুত্রের চেয়ে একটি গুণী পুত্র বরং ভাল। একটি চন্দ্রই অন্ধকার দূর করে, সকল তারা মিলেও তা পারে না। ”@,CHANOKKA
“ দারিদ্র্য, রোগ, দুঃখ, বন্ধন এবং বিপদ- সব কিছুই মানুষের নিজেরই অপরাধরূপ বৃক্ষের ফল ”@,CHANOKKA
“ দুর্জনের সংসর্গ ত্যাগ করে সজ্জনের সঙ্গ করবে। অহোরাত্র পুণ্য করবে, সর্বদা নশ্বরতার কথা মনে রাখবে। ”@,CHANOKKA
“ দুষ্টা স্ত্রী, প্রবঞ্চক বন্ধু, দুর্মুখ ভৃত্য এবং সর্প-গৃহে বাস মৃত্যুর দ্বার, এ-বিষয়ে সংশয় নেই ”@,CHANOKKA
“ বিরাট পশুপালের মাঝেও শাবক তার মাকে খুঁজে পায়। অনুরূপ যে কাজ করে অর্থ সবসময় তাকেই অনুসরণ করে। ”@,CHANOKKA
“ বিদ্যাবত্তা ও রাজপদ এ-দুটি কখনও সমান হয় না। রাজা কেবল নিজদেশেই সমাদৃত, বিদ্বান সর্বত্র সমাদৃত। ”@,CHANOKKA
“ বিদ্যা ব্যতীত জীবন ব্যর্থ, কুকুরের লেজ যেমন ব্যর্থ, তা দিয়ে সে গুহ্য-অঙ্গও গোপন করতে পারে না, মশাও তাড়াতে পারে না। ”@,CHANOKKA
“ যারা রূপযৌবনসম্পন্ন এবং উচ্চকুলজাত হয়েও বিদ্যাহীন, তাঁরা সুবাসহীন পলাশ ফুলের মত বেমানান। ”@,CHANOKKA
“ অবহেলায় কর্মনাশ হয়, যথেচ্ছ ভোজনে কুলনাশ হয়, যাঞ্চায় সম্মান-নাশ হয়, দারিদ্র্যে বুদ্ধিনাশ হয় ”@,CHANOKKA
“ অনেকে চারটি বেদ এবং ধর্মশাস্ত্র অধ্যয়ন করলেও আত্মাকে জানে না, হাতা যেমন রন্ধন-রস জানে না ”@,CHANOKKA
“ যে গাভী দুধ দেয় না, গর্ভ ধারণও করে না, সে গাভী দিয়ে কী হবে! যে বিদ্বান ও ভক্তিমান নয়, সে পুত্র দিয়ে কী হবে! ”@,CHANOKKA
“ সত্যবাক্য দুর্লভ, হিতকারী-পুত্র দুর্লভ, সমমনস্কা-পত্নী দুর্লভ, প্রিয়স্বজনও তেমনি দুর্লভ ”@,CHANOKKA
“ দুর্বলের বল রাজা, শিশুর বল কান্না, মূর্খের বল নীরবতা, চোরের মিথ্যাই বল ”@,CHANOKKA
“ গুরু শিষ্যকে যদি একটি অক্ষরও শিক্ষা দেন, তবে পৃথিবীতে এমন কোনও জিনিস নেই, যা দিয়ে সেই শিষ্য গুরুর ঋণ শোধ করতে পারে। ”@,CHANOKKA
“ পুত্রকে যারা পড়ান না, সেই পিতামাতা তার শত্রু। হাঁসদের মধ্যে বক যেমন শোভা পায় না, সভার মধ্যে সেই মূর্খও তেমনি শোভা পায় না। ”@,CHANOKKA
“ গৃহে যার মা নেই, স্ত্রী যার দুর্মুখ তার বনে যাওয়াই ভাল, কারণ তার কাছে বন আর গৃহে কোনও তফাৎ নেই ”@,CHANOKKA
“ একটিমাত্র পুষ্পিত সুগন্ধ বৃক্ষে যেমন সমস্ত বন সুবাসিত হয়, তেমনি একটি সুপুত্রের দ্বারা সমস্ত কুল ধন্য হয় ”@,CHANOKKA
“ হাতি থেকে একহাজার হাত দূরে, ঘোড়া থেকে একশ হাত দূরে, শৃঙ্গধারী প্রাণী থেকে দশহাত দূরে থাকবে। অনুরূপ দুর্জনের কাছ থেকেও যথাসম্ভব দূরে থাকবে। ”@,CHANOKKA
“ তিনটি বিষয়ে সন্তোষ বিধেয়: নিজের পত্নীতে, ভোজনে এবং ধনে। কিন্তু অধ্যয়ন, জপ, আর দান এই তিন বিষয়ে যেন কোনও সন্তোষ না থাকে। ”@,CHANOKKA
“ রাতের ভূষণ চাঁদ, নারীর ভূষণ পতি, পৃথিবীর ভূষণ রাজা, কিন্তু বিদ্যা সবার ভূষণ ”@,CHANOKKA
“ যে রাজা শত্রুর গতিবিধি সম্পর্কে ধারণা করতে পারে না এবং শুধু অভিযোগ করে যে তার পিঠে ছুরিকাঘাত করা হয়েছে, তাকে সিংহাসনচ্যুত করা উচিত ”@,CHANOKKA
“ সুবেশভূষিত মূর্খকে দূর থেকেই দেখতে ভাল, যতক্ষণ সে কথা না বলে ততক্ষণই তার শোভা, কথা বললেই মূর্খতা প্রকাশ পায় ”@,CHANOKKA
“ শাস্ত্র অনন্ত, বিদ্যাও প্রচুর। সময় অল্প অথচ বিঘ্ন অনেক। তাই যা সারভূত তারই চর্চা করা উচিত। হাঁস যেমন জল-মিশ্রিত দুধ থেকে শুধু দুধটুকুই তুলে নেয়, তেমনি। ”@,CHANOKKA
“ বিষ থেকেও অমৃত আহরণ করা চলে, মলাদি থেকেও স্বর্ণ আহরণ করা যায়, নীচজাতি থেকেও বিদ্যা আহরণ করা যায়, নীচকুল থেকেও স্ত্রীরত্ন গ্রহণ করা যায়। ”@,CHANOKKA
“ উৎসবে, বিপদে, দুর্ভিক্ষে, শত্রুর সঙ্গে সংগ্রামকালে, রাজদ্বারে এবং শ্মশানে যে সঙ্গে থাকে, সে-ই প্রকৃত বন্ধু ”@,CHANOKKA
